﻿ID,Ancestry,Phenotype
HpGP-26695-ATCC-KVE98-06160,hspNEurope,Non-atrophic gastritis
HpGP-ALG-002-KVE91-02340,hspSWEurope,Non-atrophic gastritis
HpGP-ALG-003-KVE41-04560,hspSWEurope,Non-atrophic gastritis
HpGP-ALG-004-KVD71-04120,hspSWEurope,Non-atrophic gastritis
HpGP-ALG-006-KVD17-04490,hspSWEurope,Non-atrophic gastritis
HpGP-ALG-009-KVC69-04315,hspSWEurope,Non-atrophic gastritis
HpGP-ALG-010-KVB96-01205,hspSWEurope,Non-atrophic gastritis
HpGP-ARG-001-KVC91-04370,hspSWEurope,Non-atrophic gastritis
HpGP-ARG-006-KVD64-04280,hspAfrica1SAfrica,Non-atrophic gastritis
HpGP-ARG-008-KVD98-04370,hspEAsia,Non-atrophic gastritis
HpGP-ARG-009-KVC93-04550,hspEAsia,Non-atrophic gastritis
HpGP-ARG-010-KVD57-04320,hspEAsia,Non-atrophic gastritis
HpGP-BGD-001-KVC38-03310,HpAsia2,Non-atrophic gastritis
HpGP-BGD-003-KVE71-05945,HpAsia2,Non-atrophic gastritis
HpGP-BGD-004-KVC21-04620,hspEurasia,Non-atrophic gastritis
HpGP-BGD-005-KVB94-05140,hspEurasia,Non-atrophic gastritis
HpGP-BGD-008-KVC71-04205,HpAsia2,Non-atrophic gastritis
HpGP-BGD-009-KVC48-03690,hspEurasia,Non-atrophic gastritis
HpGP-BGR-001-KVE80-01545,hspEurasia,Non-atrophic gastritis
HpGP-BGR-003-KVE54-01535,hspEurasia,Non-atrophic gastritis
HpGP-BGR-005-KVC10-04535,hspEurasia,Non-atrophic gastritis
HpGP-BGR-007-KVC42-04580,hspEurasia,Non-atrophic gastritis
HpGP-BRA-001-KVC41-04315,hspAfrica1NAmerica,Non-atrophic gastritis
HpGP-BRA-002-KVE09-04325,hspAfrica1NAmerica,Non-atrophic gastritis
HpGP-BRA-004-Duplicated-1-KVC62-01600,hspEurasia,Non-atrophic gastritis
HpGP-BRA-004-Duplicated-2-KVC62-04335,hspEurasia,Non-atrophic gastritis
HpGP-BRA-005-KVC26-04230,hspAfrica1SAfrica,Non-atrophic gastritis
HpGP-BRA-007-KVD99-04280,hspAfrica1SAfrica,Non-atrophic gastritis
HpGP-BRA-012-KVC46-01870,hspEAsia,Intestinal metaplasia
HpGP-BRA-013-KVD75-04395,hspAfrica1SAfrica,Intestinal metaplasia
HpGP-BRA-014-KVD06-06170,hspAfrica1NAmerica,Intestinal metaplasia
HpGP-BRA-017-KVC65-04215,hspSWEurope,Intestinal metaplasia
HpGP-BRA-018-KVC36-04355,hspAfrica1NAmerica,Intestinal metaplasia
HpGP-BRA-019-KVE08-04415,hspAfrica1NAmerica,Intestinal metaplasia
HpGP-BRA-020-KVE26-04315,hspAfrica1SAfrica,Intestinal metaplasia
HpGP-BRA-022-KVD33-04285,hspAfrica1SAfrica,Gastric cancer
HpGP-BRA-023-KVC07-04270,hspAfrica1SAfrica,Gastric cancer
HpGP-CAN-001-KVF10-02845,hspIndigenousAmerica,Non-atrophic gastritis
HpGP-CAN-002-KVC13-04480,hspAfrica1MiscAmerica,Non-atrophic gastritis
HpGP-CAN-004-KVC95-04270,hspAfrica1MiscAmerica,Non-atrophic gastritis
HpGP-CAN-008-KVE22-01575,hspNEurope,Non-atrophic gastritis
HpGP-CAN-012-KVC14-02690,hspAfrica1NAmerica,Intestinal metaplasia
HpGP-CAN-014-KVC92-01605,hspNEurope,Intestinal metaplasia
HpGP-CAN-017-KVC53-04475,hspNEurope,Intestinal metaplasia
HpGP-CAN-020-KVC54-04185,hspIndigenousAmerica,Intestinal metaplasia
HpGP-CAN-022-Duplicated-1-KVD22-01655,hspNEurope,Intestinal metaplasia
HpGP-CAN-022-Duplicated-2-KVD22-02215,hspNEurope,Intestinal metaplasia
HpGP-CAN-023-KVE62-04215,hspIndigenousAmerica,Intestinal metaplasia
HpGP-CAN-025-KVC81-02225,hspNEurope,Intestinal metaplasia
HpGP-CAN-026-KVE78-02215,hspNEurope,Intestinal metaplasia
HpGP-CHI-001-FE842-01800,hspSWEuropeChile,Non-atrophic gastritis
HpGP-CHI-002-Duplicated-1-FE843-04230,hspSWEuropeChile,Non-atrophic gastritis
HpGP-CHI-002-Duplicated-2-FE843-05995,hspSWEuropeChile,Non-atrophic gastritis
HpGP-CHI-004-E5A80-04380,hspSWEuropeChile,Non-atrophic gastritis
HpGP-CHI-005-Duplicated-1-E5A81-01545,hspSWEuropeChile,Non-atrophic gastritis
HpGP-CHI-005-Duplicated-2-E5A81-04315,hspSWEuropeChile,Non-atrophic gastritis
HpGP-CHI-006-E5A82-04195,hspSWEuropeChile,Non-atrophic gastritis
HpGP-CHI-011-E5A86-06275,hspSWEuropeChile,Non-atrophic gastritis
HpGP-CHI-016-FNE54-04085,hspSWEuropeChile,Intestinal metaplasia
HpGP-CHI-018-E5A79-06000,hspSWEuropeChile,Intestinal metaplasia
HpGP-CHI-021-E5A78-04255,hspSWEuropeChile,Intestinal metaplasia
HpGP-CHI-022-KVC45-04455,hspSWEuropeChile,Intestinal metaplasia
HpGP-CHI-023-Duplicated-1-E5A83-03330,hspSWEuropeChile,Intestinal metaplasia
HpGP-CHI-023-Duplicated-2-E5A83-06025,hspSWEuropeChile,Intestinal metaplasia
HpGP-CHI-024-E5D82-04330,hspSWEuropeChile,Intestinal metaplasia
HpGP-CHI-026-E5D83-04305,hspSWEuropeChile,Intestinal metaplasia
HpGP-CHI-027-E5D86-06015,hspSWEuropeChile,Intestinal metaplasia
HpGP-CHI-028-Duplicated-1-E5D84-01635,hspSWEuropeChile,Intestinal metaplasia
HpGP-CHI-028-Duplicated-2-E5D84-03410,hspSWEuropeChile,Intestinal metaplasia
HpGP-CHI-101-KVC30-04335,hspSWEuropeChile,Non-atrophic gastritis
HpGP-CHI-102-E5D85-04415,hspSWEuropeChile,Non-atrophic gastritis
HpGP-CHI-103-Duplicated-1-KVE67-04205,hspSWEuropeChile,Non-atrophic gastritis
HpGP-CHI-103-Duplicated-2-KVE67-05980,hspSWEuropeChile,Non-atrophic gastritis
HpGP-CHI-110-Duplicated-1-FNE55-01740,hspSWEuropeChile,Non-atrophic gastritis
HpGP-CHI-110-Duplicated-2-FNE55-03490,hspSWEuropeChile,Non-atrophic gastritis
HpGP-CHI-114-FNE56-04530,hspSWEuropeChile,Non-atrophic gastritis
HpGP-CHI-119-E5D92-06205,hspSWEuropeChile,Intestinal metaplasia
HpGP-CHI-122-E5E00-06655,hspSWEuropeChile,Intestinal metaplasia
HpGP-CHI-123-Duplicated-1-E5D93-01665,hspSWEuropeChile,Intestinal metaplasia
HpGP-CHI-123-Duplicated-2-E5D93-03430,hspSWEuropeChile,Intestinal metaplasia
HpGP-CHI-124-E5D94-04315,hspSWEuropeChile,Intestinal metaplasia
HpGP-CHI-125-Duplicated-1-E5E01-04340,hspSWEuropeChile,Intestinal metaplasia
HpGP-CHI-125-Duplicated-2-E5E01-06185,hspSWEuropeChile,Intestinal metaplasia
HpGP-CHI-126-Duplicated-1-E5D95-04345,hspSWEuropeChile,Intestinal metaplasia
HpGP-CHI-126-Duplicated-2-E5D95-06140,hspSWEuropeChile,Intestinal metaplasia
HpGP-CHI-127-E5D96-04330,hspSWEuropeChile,Intestinal metaplasia
HpGP-CHI-204-KVE55-04515,hspSWEuropeChile,Non-atrophic gastritis
HpGP-CHI-207-KVD77-03340,hspSWEuropeChile,Non-atrophic gastritis
HpGP-CHI-208-KVF11-04360,hspEAsia,Non-atrophic gastritis
HpGP-CHI-209-KVC12-01740,hspSWEuropeChile,Non-atrophic gastritis
HpGP-CHI-210-Duplicated-1-KVC77-04175,hspSWEuropeChile,Non-atrophic gastritis
HpGP-CHI-210-Duplicated-2-KVC77-05910,hspSWEuropeChile,Non-atrophic gastritis
HpGP-CHI-212-KVE58-04330,hspSWEuropeLatinAmerica,Intestinal metaplasia
HpGP-CHN-001-KVC52-02360,hspEAsia,Gastric cancer
HpGP-CHN-002-KVC40-04360,hspEAsia,Gastric cancer
HpGP-CHN-003-KVE74-04600,hspEAsia,Gastric cancer
HpGP-CHN-004-KVC87-04445,hspEAsia,Gastric cancer
HpGP-CHN-005-KVD53-04530,hspEAsia,Gastric cancer
HpGP-CHN-006-KVF00-04335,hspEAsia,Gastric cancer
HpGP-CHN-007-KVC57-04340,hspEAsia,Gastric cancer
HpGP-CHN-008-KVE36-04550,hspEAsia,Gastric cancer
HpGP-CHN-009-KVE04-04380,hspEAsia,Gastric cancer
HpGP-CHN-010-KVD29-02365,hspEAsia,Gastric cancer
HpGP-COG-001-KVD78-04260,hspAfrica1SAfrica,Non-atrophic gastritis
HpGP-COG-002-KVC23-06170,hspSWEurope,Non-atrophic gastritis
HpGP-COG-004-KVE13-04280,hspAfrica1SAfrica,Non-atrophic gastritis
HpGP-COG-006-KVD19-04260,hspAfrica1SAfrica,Non-atrophic gastritis
HpGP-COG-007-KVE75-04400,hspAfrica1SAfrica,Non-atrophic gastritis
HpGP-COG-009-KVD68-04215,hspAfrica1SAfrica,Non-atrophic gastritis
HpGP-COG-010-KVC49-04295,hspAfrica1SAfrica,Non-atrophic gastritis
HpGP-COG-011-KVE84-05440,hspAfrica1SAfrica,Gastric cancer
HpGP-COL-003-KVE50-04405,hspAfrica1MiscAmerica,Non-atrophic gastritis
HpGP-COL-006-KVE39-04300,hspAfrica1MiscAmerica,Non-atrophic gastritis
HpGP-COL-008-KVC32-06110,hspSWEuropeLatinAmerica,Non-atrophic gastritis
HpGP-COL-010-KVE35-04320,hspSWEurope,Non-atrophic gastritis
HpGP-COL-102-KVC66-04295,hspAfrica1MiscAmerica,Non-atrophic gastritis
HpGP-COL-103-KVD73-05840,hspSWEuropeLatinAmerica,Non-atrophic gastritis
HpGP-COL-104-KVC89-01435,hspSWEuropeLatinAmerica,Non-atrophic gastritis
HpGP-COL-107-KVC19-01550,hspSWEuropeLatinAmerica,Non-atrophic gastritis
HpGP-COL-108-KVE70-04310,hspAfrica1MiscAmerica,Non-atrophic gastritis
HpGP-COL-109-KVE06-02045,hspAfrica1MiscAmerica,Non-atrophic gastritis
HpGP-COL-110-Duplicated-1-KVD56-01570,hspSWEuropeLatinAmerica,Non-atrophic gastritis
HpGP-COL-110-Duplicated-2-KVD56-02775,hspSWEuropeLatinAmerica,Non-atrophic gastritis
HpGP-COL-110-Duplicated-3-KVD56-06245,hspSWEuropeLatinAmerica,Non-atrophic gastritis
HpGP-COL-112-Duplicated-1-KVF08-01550,hspSWEuropeLatinAmerica,Gastric cancer
HpGP-COL-112-Duplicated-2-KVF08-06135,hspSWEuropeLatinAmerica,Gastric cancer
HpGP-COL-113-KVD38-01575,hspSWEuropeLatinAmerica,Gastric cancer
HpGP-COL-114-KVC78-06080,hspSWEuropeLatinAmerica,Gastric cancer
HpGP-COL-118-KVD85-06235,hspSWEuropeLatinAmerica,Intestinal metaplasia
HpGP-COL-119-KVD28-01760,hspSWEuropeLatinAmerica,Intestinal metaplasia
HpGP-COL-120-KVB98-04610,hspSWEuropeLatinAmerica,Intestinal metaplasia
HpGP-COL-121-KVD74-06155,hspSWEuropeLatinAmerica,Intestinal metaplasia
HpGP-COL-122-KVD07-04630,hspSWEuropeLatinAmerica,Intestinal metaplasia
HpGP-COL-201-KVD55-00930,hspSWEuropeLatinAmerica,Non-atrophic gastritis
HpGP-COL-204-KVC51-05885,hspSWEuropeLatinAmerica,Non-atrophic gastritis
HpGP-COL-205-KVC02-04270,hspAfrica1NAmerica,Non-atrophic gastritis
HpGP-COL-206-KVE42-05480,hspAfrica1MiscAmerica,Non-atrophic gastritis
HpGP-COL-207-KVC64-04340,hspAfrica1NAmerica,Non-atrophic gastritis
HpGP-COL-208-KVD82-04325,hspAfrica1NAmerica,Non-atrophic gastritis
HpGP-COL-210-KVD42-04475,hspSWEuropeLatinAmerica,Non-atrophic gastritis
HpGP-COL-211-KVE79-01580,hspSWEuropeLatinAmerica,Intestinal metaplasia
HpGP-COL-301-KVC17-01590,hspSWEuropeLatinAmerica,Non-atrophic gastritis
HpGP-COL-302-Duplicated-1-KVE66-01570,hspSWEuropeLatinAmerica,Non-atrophic gastritis
HpGP-COL-302-Duplicated-2-KVE66-02035,hspSWEuropeLatinAmerica,Non-atrophic gastritis
HpGP-COL-303-KVD88-05900,hspSWEuropeLatinAmerica,Non-atrophic gastritis
HpGP-COL-306-KVC63-04355,hspAfrica1NAmerica,Non-atrophic gastritis
HpGP-COL-307-KVE31-04205,hspSWEuropeLatinAmerica,Non-atrophic gastritis
HpGP-COL-308-KVC74-04350,hspSWEuropeLatinAmerica,Non-atrophic gastritis
HpGP-COL-309-Duplicated-1-KVC58-04225,hspSWEuropeLatinAmerica,Non-atrophic gastritis
HpGP-COL-309-Duplicated-2-KVC58-05795,hspSWEuropeLatinAmerica,Non-atrophic gastritis
HpGP-COL-318-KVD80-04240,hspAfrica1SAfrica,Intestinal metaplasia
HpGP-CRI-001-Duplicated-1-KVD16-01055,hspSWEuropeLatinAmerica,Non-atrophic gastritis
HpGP-CRI-001-Duplicated-2-KVD16-05110,hspSWEuropeLatinAmerica,Non-atrophic gastritis
HpGP-CRI-002-Duplicated-1-KVE25-01025,hspSWEuropeLatinAmerica,Non-atrophic gastritis
HpGP-CRI-002-Duplicated-2-KVE25-05730,hspSWEuropeLatinAmerica,Non-atrophic gastritis
HpGP-CRI-003-KVB95-06415,hspSWEuropeLatinAmerica,Non-atrophic gastritis
HpGP-CRI-004-Duplicated-1-KVE94-04360,hspAfrica1NAmerica,Non-atrophic gastritis
HpGP-CRI-004-Duplicated-2-KVE94-06010,hspAfrica1NAmerica,Non-atrophic gastritis
HpGP-CRI-006-KVC75-06265,hspSWEuropeLatinAmerica,Non-atrophic gastritis
HpGP-CRI-007-KVE16-04365,hspAfrica1NAmerica,Non-atrophic gastritis
HpGP-CRI-008-KVD46-01155,hspSWEuropeLatinAmerica,Non-atrophic gastritis
HpGP-DOM-001-KVC31-04280,hspSWEurope,Non-atrophic gastritis
HpGP-DOM-003-KVD03-04565,hspSWEuropeLatinAmerica,Non-atrophic gastritis
HpGP-DOM-004-KVD54-04235,hspAfrica1NAmerica,Non-atrophic gastritis
HpGP-DOM-007-KVD95-04320,hspAfrica1NAmerica,Non-atrophic gastritis
HpGP-DOM-008-KVD36-06185,hspSWEurope,Non-atrophic gastritis
HpGP-DOM-011-KVE07-04315,hspAfrica1NAmerica,Gastric cancer
HpGP-FRA-001-FNE00-01690,hspSWEurope,Non-atrophic gastritis
HpGP-FRA-002-FNE01-03290,hspEurasia,Non-atrophic gastritis
HpGP-FRA-004-Duplicated-1-FNE02-04250,hspEurasia,Non-atrophic gastritis
HpGP-FRA-004-Duplicated-2-FNE02-05825,hspEurasia,Non-atrophic gastritis
HpGP-FRA-006-FNE04-06000,hspEurasia,Non-atrophic gastritis
HpGP-FRA-007-Duplicated-1-FNE05-01710,hspEurasia,Non-atrophic gastritis
HpGP-FRA-007-Duplicated-2-FNE05-04380,hspEurasia,Non-atrophic gastritis
HpGP-FRA-011-FNE09-04300,hspEurasia,Gastric cancer
HpGP-FRA-013-FNE11-01575,hspEurasia,Gastric cancer
HpGP-FRA-014-FNE12-01550,hspNEurope,Gastric cancer
HpGP-FRA-015-FNE13-04485,hspEurasia,Gastric cancer
HpGP-FRA-016-FNE14-03495,hspEurasia,Gastric cancer
HpGP-FRA-017-Duplicated-1-FNE15-04330,hspSWEurope,Gastric cancer
HpGP-FRA-017-Duplicated-2-FNE15-05925,hspSWEurope,Gastric cancer
HpGP-FRA-018-KVD37-04280,hspEurasia,Gastric cancer
HpGP-FRA-019-FNE16-02785,hspEurasia,Gastric cancer
HpGP-FRA-020-FNE17-05980,hspSWEurope,Gastric cancer
HpGP-FRA-021-KVE95-04240,hspEurasia,Gastric cancer
HpGP-GER-001-KVC43-04515,hspEurasia,Non-atrophic gastritis
HpGP-GER-002-Duplicated-1-KVE86-02970,hspEurasia,Non-atrophic gastritis
HpGP-GER-002-Duplicated-2-KVE86-06240,hspEurasia,Non-atrophic gastritis
HpGP-GER-005-KVD27-05900,hspEurasia,Non-atrophic gastritis
HpGP-GER-009-Duplicated-1-KVD58-01785,hspEurasia,Gastric cancer
HpGP-GER-009-Duplicated-2-KVD58-04570,hspEurasia,Gastric cancer
HpGP-GER-010-KVF03-06025,hspEurasia,Gastric cancer
HpGP-GER-012-KVE83-02585,hspEurasia,Gastric cancer
HpGP-GER-015-KVE59-06340,hspEurasia,Gastric cancer
HpGP-GER-016-KVC22-04410,hspEurasia,Gastric cancer
HpGP-GER-021-KVE15-04370,hspEurasia,Non-atrophic gastritis
HpGP-GHA-003-KVF06-04120,hspAfrica1NAmerica,Non-atrophic gastritis
HpGP-GHA-009-KVD12-04285,hspAfrica1NAmerica,Non-atrophic gastritis
HpGP-GMB-004-KVE85-04275,hspAfrica1WAfrica,Non-atrophic gastritis
HpGP-GMB-007-KVD32-04400,hspAfrica1WAfrica,Non-atrophic gastritis
HpGP-GMB-008-KVD24-04455,hspAfrica1WAfrica,Non-atrophic gastritis
HpGP-GMB-009-KVE45-04285,hspAfrica1NAmerica,Non-atrophic gastritis
HpGP-GRE-012-E5E10-04255,hspEurasia,Non-atrophic gastritis
HpGP-GRE-043-Duplicated-1-KVD39-01555,hspEurasia,Gastric cancer
HpGP-GRE-043-Duplicated-2-KVD39-04275,hspEurasia,Gastric cancer
HpGP-GRE-044-KVE96-06070,hspEurasia,Gastric cancer
HpGP-GTM-004-KVS19-04535,hspSWEuropeLatinAmerica,Non-atrophic gastritis
HpGP-GTM-007-KVC97-04295,hspSWEuropeLatinAmerica,Non-atrophic gastritis
HpGP-GTM-010-KVE19-04425,hspAfrica1SAfrica,Non-atrophic gastritis
HpGP-HON-001-E5E31-04340,hspSWEuropeLatinAmerica,Non-atrophic gastritis
HpGP-HON-002-E5E36-04330,hspSWEuropeLatinAmerica,Non-atrophic gastritis
HpGP-HON-003-E5E15-04405,hspAfrica1SAfrica,Non-atrophic gastritis
HpGP-HON-004-E5E16-04235,hspAfrica1SAfrica,Non-atrophic gastritis
HpGP-HON-006-E5E17-04270,hspAfrica1MiscAmerica,Non-atrophic gastritis
HpGP-HON-007-E5E18-04445,hspAfrica1SAfrica,Non-atrophic gastritis
HpGP-HON-010-E5E37-04235,hspAfrica1SAfrica,Non-atrophic gastritis
HpGP-HON-011-E5E20-04310,hspSWEuropeLatinAmerica,Intestinal metaplasia
HpGP-HON-012-E5E39-04265,hspAfrica1SAfrica,Intestinal metaplasia
HpGP-HON-013-E5E21-04250,hspAfrica1MiscAmerica,Intestinal metaplasia
HpGP-HON-014-Duplicated-1-FOG21-04495,hspAfrica1MiscAmerica,Intestinal metaplasia
HpGP-HON-014-Duplicated-2-FOG21-06280,hspAfrica1MiscAmerica,Intestinal metaplasia
HpGP-HON-015-E5E22-04285,hspAfrica1SAfrica,Intestinal metaplasia
HpGP-HON-016-E5E35-01565,hspSWEuropeLatinAmerica,Intestinal metaplasia
HpGP-HON-018-E5E24-04260,hspAfrica1SAfrica,Intestinal metaplasia
HpGP-HON-019-E5E25-04270,hspAfrica1SAfrica,Intestinal metaplasia
HpGP-HON-020-E5E26-04280,hspAfrica1SAfrica,Intestinal metaplasia
HpGP-HON-021-E5E27-04415,hspAfrica1SAfrica,Gastric cancer
HpGP-HON-023-E5E34-04265,hspAfrica1SAfrica,Gastric cancer
HpGP-HON-024-E5E28-04330,hspSWEuropeLatinAmerica,Gastric cancer
HpGP-HON-025-E5E38-02450,hspSWEuropeLatinAmerica,Gastric cancer
HpGP-HON-026-E5E29-04350,hspSWEuropeLatinAmerica,Gastric cancer
HpGP-HON-028-FOG22-02705,hspSWEuropeLatinAmerica,Gastric cancer
HpGP-IDN-001-KVC34-03675,hspUral,Non-atrophic gastritis
HpGP-IDN-005-KVD21-04560,hspEAsia,Non-atrophic gastritis
HpGP-IDN-007-KVE51-04330,hspUral,Non-atrophic gastritis
HpGP-IDN-010-Duplicated-1-KVC04-04365,hspUral,Non-atrophic gastritis
HpGP-IDN-010-Duplicated-2-KVC04-05925,hspUral,Non-atrophic gastritis
HpGP-IDN-011-KVC37-04220,hpSahul,Gastric cancer
HpGP-IND-001-KVE72-04290,HpAsia2,Non-atrophic gastritis
HpGP-IND-002-KVC90-05145,hspEurasia,Non-atrophic gastritis
HpGP-IND-003-KVE63-01555,hspEurasia,Non-atrophic gastritis
HpGP-IND-005-KVD41-04275,hspEurasia,Non-atrophic gastritis
HpGP-IND-006-KVD47-03840,hspEurasia,Non-atrophic gastritis
HpGP-IND-007-KVE17-04465,HpAsia2,Non-atrophic gastritis
HpGP-IND-009-KVC33-03140,HpAsia2,Non-atrophic gastritis
HpGP-IND-010-KVE65-04115,HpAsia2,Non-atrophic gastritis
HpGP-IRN-001-KVC83-01580,hspEurasia,Non-atrophic gastritis
HpGP-IRN-009-Duplicated-1-KVC35-04320,hspEurasia,Non-atrophic gastritis
HpGP-IRN-009-Duplicated-2-KVC35-05925,hspEurasia,Non-atrophic gastritis
HpGP-ISL-004-KVE90-02435,hspNEurope,Non-atrophic gastritis
HpGP-ISL-005-KVD43-02505,hspNEurope,Non-atrophic gastritis
HpGP-ISL-006-KVE92-06415,hspNEurope,Non-atrophic gastritis
HpGP-ISL-011-KVE88-06185,hspNEurope,Intestinal metaplasia
HpGP-ISR-006-KVE82-04240,hspEurasia,Non-atrophic gastritis
HpGP-ISR-008-KVC08-01755,hspSWEurope,Non-atrophic gastritis
HpGP-ITA-005-FNE29-05760,hspEurasia,Non-atrophic gastritis
HpGP-ITA-008-FNE32-04260,hspEurasia,Non-atrophic gastritis
HpGP-ITA-012-Duplicated-1-FNE36-04205,hspEurasia,Intestinal metaplasia
HpGP-ITA-012-Duplicated-2-FNE36-06080,hspEurasia,Intestinal metaplasia
HpGP-ITA-013-FNE37-04115,hspEurasia,Intestinal metaplasia
HpGP-ITA-017-FNE40-04330,hspEurasia,Intestinal metaplasia
HpGP-ITA-018-FNE42-02620,hspEurasia,Intestinal metaplasia
HpGP-ITA-019-FNE43-05925,hspEurasia,Intestinal metaplasia
HpGP-ITA-020-FNE44-04230,hspEurasia,Intestinal metaplasia
HpGP-ITA-022-Duplicated-1-FNE45-01580,hspEurasia,Gastric cancer
HpGP-ITA-022-Duplicated-2-FNE45-04320,hspEurasia,Gastric cancer
HpGP-ITA-024-FNE47-05925,hspEurasia,Gastric cancer
HpGP-ITA-026-FNE49-05680,hspEurasia,Gastric cancer
HpGP-ITA-027-FNE50-06020,hspEurasia,Gastric cancer
HpGP-ITA-028-FNE51-02330,hspEurasia,Gastric cancer
HpGP-ITA-030-FOG19-01555,hspEurasia,Gastric cancer
HpGP-JAP-002-E5E41-04365,hspEAsia,Non-atrophic gastritis
HpGP-JAP-009-E5E42-04525,hspEAsia,Intestinal metaplasia
HpGP-JAP-010-E5E43-01830,hspEAsia,Intestinal metaplasia
HpGP-JAP-012-E5E44-04430,hspEAsia,Intestinal metaplasia
HpGP-JAP-013-E5E54-04455,hspEAsia,Intestinal metaplasia
HpGP-JAP-015-E5E45-04445,hspEAsia,Intestinal metaplasia
HpGP-JAP-016-E5E51-02330,hspEAsia,Intestinal metaplasia
HpGP-JAP-017-E5E46-04490,hspEAsia,Gastric cancer
HpGP-JAP-019-E5E49-04450,hspEAsia,Gastric cancer
HpGP-JAP-021-E5E47-04365,hspEAsia,Gastric cancer
HpGP-JAP-022-E5E52-05940,hspEAsia,Gastric cancer
HpGP-JAP-026-E5E53-04380,hspEAsia,Gastric cancer
HpGP-JAP-028-E5E48-04550,hspEAsia,Gastric cancer
HpGP-JAP-029-E5E50-04425,hspEAsia,Gastric cancer
HpGP-JAP-101-KVC73-04400,hspEAsia,Non-atrophic gastritis
HpGP-JAP-102-KVB97-04440,hspUral,Non-atrophic gastritis
HpGP-JAP-105-Duplicated-1-KVE20-00060,hspEAsia,Non-atrophic gastritis
HpGP-JAP-105-Duplicated-2-KVE20-03300,hspEAsia,Non-atrophic gastritis
HpGP-JAP-108-KVE89-04285,hspEAsia,Non-atrophic gastritis
HpGP-JAP-109-KVE60-04370,hspEAsia,Non-atrophic gastritis
HpGP-JAP-110-KVC99-01630,hspSWEuropeLatinAmerica,Non-atrophic gastritis
HpGP-JAP-111-KVC09-04395,hspEAsia,Gastric cancer
HpGP-JAP-112-KVE97-02315,hspEAsia,Gastric cancer
HpGP-JAP-114-KVD96-04415,hspEAsia,Gastric cancer
HpGP-JAP-115-KVD35-04305,hspEAsia,Gastric cancer
HpGP-JOR-003-Duplicated-1-KVE30-04595,hspEurasia,Non-atrophic gastritis
HpGP-JOR-003-Duplicated-2-KVE30-06185,hspEurasia,Non-atrophic gastritis
HpGP-JOR-005-KVC44-03375,hspEurasia,Non-atrophic gastritis
HpGP-JOR-006-KVC00-01550,hspEurasia,Non-atrophic gastritis
HpGP-JOR-007-KVE52-04360,hspEurasia,Non-atrophic gastritis
HpGP-JOR-008-KVD86-01505,hspEurasia,Non-atrophic gastritis
HpGP-JOR-010-KVC56-01330,hspEurasia,Non-atrophic gastritis
HpGP-KAZ-002-KVD97-04440,hpNorthAsia,Non-atrophic gastritis
HpGP-KGZ-001-KVC88-04765,hspEurasia,Non-atrophic gastritis
HpGP-KGZ-002-KVD49-04980,hspNEurope,Non-atrophic gastritis
HpGP-KGZ-004-KVE28-04545,hspUral,Non-atrophic gastritis
HpGP-KGZ-005-KVE68-04355,hspUral,Non-atrophic gastritis
HpGP-KGZ-006-KVD94-04120,hpNorthAsia,Non-atrophic gastritis
HpGP-KGZ-008-KVC70-00745,hspEurasia,Non-atrophic gastritis
HpGP-KGZ-009-KVE46-04300,hspEurasia,Non-atrophic gastritis
HpGP-KGZ-010-KVC80-04390,hspUral,Non-atrophic gastritis
HpGP-KOR-001-E5E55-04630,hspEAsia,Gastric cancer
HpGP-KOR-002-E5E56-04450,hspEAsia,Gastric cancer
HpGP-KOR-004-E5E77-04385,hspEAsia,Gastric cancer
HpGP-KOR-005-E5E80-02385,hspEAsia,Gastric cancer
HpGP-KOR-006-E5E72-04280,hspEAsia,Gastric cancer
HpGP-KOR-007-E5E79-04375,hspEAsia,Gastric cancer
HpGP-KOR-008-E5E76-04350,hspEAsia,Gastric cancer
HpGP-KOR-009-E5E83-04330,hspEAsia,Gastric cancer
HpGP-KOR-010-E5E84-04320,hspEAsia,Gastric cancer
HpGP-KOR-012-E5E57-04410,hspEAsia,Gastric cancer
HpGP-KOR-014-KVC29-02345,hspEAsia,Gastric cancer
HpGP-KOR-016-KVE81-04890,hspEAsia,Gastric cancer
HpGP-KOR-019-KVE53-04365,hspEAsia,Gastric cancer
HpGP-KOR-020-KVC98-04510,hspEAsia,Gastric cancer
HpGP-KOR-021-KVC25-04300,hspEAsia,Gastric cancer
HpGP-KOR-022-KVD23-02380,hspEAsia,Gastric cancer
HpGP-KOR-023-KVE33-04380,hspEAsia,Gastric cancer
HpGP-KOR-024-KVD70-04510,hspEAsia,Gastric cancer
HpGP-KOR-025-KVD52-04535,hspEAsia,Gastric cancer
HpGP-KOR-027-KVD92-04345,hspEAsia,Gastric cancer
HpGP-KOR-028-KVC05-04345,hspEAsia,Gastric cancer
HpGP-KOR-029-KVD84-04430,hspEAsia,Gastric cancer
HpGP-KOR-032-E5E58-03365,hspEAsia,Non-atrophic gastritis
HpGP-KOR-033-E5E74-04535,hspEAsia,Non-atrophic gastritis
HpGP-KOR-034-E5E69-04305,hspEAsia,Non-atrophic gastritis
HpGP-KOR-035-E5E59-04400,hspEAsia,Non-atrophic gastritis
HpGP-KOR-036-E5E60-04530,hspEAsia,Non-atrophic gastritis
HpGP-KOR-037-E5E73-04445,hspEAsia,Non-atrophic gastritis
HpGP-KOR-041-E5E61-04535,hspEAsia,Intestinal metaplasia
HpGP-KOR-042-E5E62-04310,hspEAsia,Intestinal metaplasia
HpGP-KOR-043-E5E63-04340,hspEAsia,Intestinal metaplasia
HpGP-KOR-044-E5E81-03380,hspEAsia,Intestinal metaplasia
HpGP-KOR-045-E5E64-01900,hspEAsia,Intestinal metaplasia
HpGP-KOR-046-E5E78-04295,hspEAsia,Intestinal metaplasia
HpGP-KOR-047-E5E75-05860,hspEAsia,Intestinal metaplasia
HpGP-KOR-048-E5E65-04350,hspEAsia,Intestinal metaplasia
HpGP-KOR-049-E5E71-04525,hspEAsia,Intestinal metaplasia
HpGP-KOR-050-E5E82-04485,hspEAsia,Intestinal metaplasia
HpGP-KOR-051-KVC96-04510,hspEAsia,Gastric cancer
HpGP-KOR-052-KVD40-04310,hspEAsia,Gastric cancer
HpGP-KOR-053-KVF01-04320,hspEAsia,Gastric cancer
HpGP-KOR-101-E5E66-04445,hspEAsia,Non-atrophic gastritis
HpGP-KOR-109-E5E70-02470,hspEAsia,Non-atrophic gastritis
HpGP-KOR-110-E5E68-01910,hspEAsia,Non-atrophic gastritis
HpGP-KOR-111-KVE77-04370,hspEAsia,Gastric cancer
HpGP-KOR-112-KVD90-04430,hspEAsia,Gastric cancer
HpGP-KOR-114-KVE38-04365,hspEAsia,Gastric cancer
HpGP-KOR-115-KVC28-04345,hspEAsia,Gastric cancer
HpGP-KOR-116-KVE00-04600,hspEAsia,Gastric cancer
HpGP-KOR-117-KVK41-04355,hspEAsia,Gastric cancer
HpGP-KOR-118-KVL36-04545,hspEAsia,Gastric cancer
HpGP-KOR-119-KVM41-04480,hspEAsia,Gastric cancer
HpGP-LAT-001-E5K41-04215,hspNEurope,Non-atrophic gastritis
HpGP-LAT-003-E5K42-04895,hspEurasia,Non-atrophic gastritis
HpGP-LAT-004-E5K43-04335,hspNEurope,Non-atrophic gastritis
HpGP-LAT-005-E5K44-04615,hspNEurope,Non-atrophic gastritis
HpGP-LAT-006-E5K45-04240,hspNEurope,Non-atrophic gastritis
HpGP-LAT-007-E5K64-04260,hspNEurope,Non-atrophic gastritis
HpGP-LAT-010-E5K48-03190,hspNEurope,Non-atrophic gastritis
HpGP-LAT-011-KVK28-04375,hspNEurope,Intestinal metaplasia
HpGP-LAT-012-E5K49-02225,hspNEurope,Intestinal metaplasia
HpGP-LAT-014-E5K68-04785,hspNEurope,Intestinal metaplasia
HpGP-LAT-015-E5K51-04375,hspNEurope,Intestinal metaplasia
HpGP-LAT-017-Duplicated-1-E5K52-04535,hspNEurope,Intestinal metaplasia
HpGP-LAT-017-Duplicated-2-E5K52-06190,hspNEurope,Intestinal metaplasia
HpGP-LAT-019-E5K54-04360,hspNEurope,Intestinal metaplasia
HpGP-LAT-020-E5K60-02055,hspNEurope,Intestinal metaplasia
HpGP-LAT-022-E5K63-04755,hspNEurope,Gastric cancer
HpGP-LAT-023-E5K66-06040,hspNEurope,Gastric cancer
HpGP-LAT-024-E5K61-06075,hspNEurope,Gastric cancer
HpGP-LAT-025-E5K55-02200,hspNEurope,Gastric cancer
HpGP-LAT-026-E5K56-04335,hspNEurope,Gastric cancer
HpGP-LAT-027-E5K57-04125,hspNEurope,Gastric cancer
HpGP-LAT-028-E5K58-06100,hspNEurope,Gastric cancer
HpGP-LAT-030-E5K59-01550,hspNEurope,Gastric cancer
HpGP-LAT-031-KVM96-04400,hspNEurope,Gastric cancer
HpGP-LAT-032-KVK83-04390,hspNEurope,Gastric cancer
HpGP-LAT-034-KVM33-05965,hspNEurope,Gastric cancer
HpGP-LAT-035-KVK79-06000,hspNEurope,Gastric cancer
HpGP-LAT-036-KVL30-04440,hspNEurope,Gastric cancer
HpGP-LIT-003-E5K85-04355,hspNEurope,Non-atrophic gastritis
HpGP-LIT-004-E5K83-04280,hspNEurope,Non-atrophic gastritis
HpGP-LIT-006-Duplicated-1-E5K71-04365,hspEurasia,Non-atrophic gastritis
HpGP-LIT-006-Duplicated-2-E5K71-05955,hspEurasia,Non-atrophic gastritis
HpGP-LIT-007-E5K72-04560,hspNEurope,Non-atrophic gastritis
HpGP-LIT-008-E5K73-05650,hspNEurope,Non-atrophic gastritis
HpGP-LIT-010-E5K82-04260,hspNEurope,Non-atrophic gastritis
HpGP-LIT-013-E5K75-02510,hspNEurope,Non-atrophic gastritis
HpGP-LIT-020-E5K80-01555,hspNEurope,Intestinal metaplasia
HpGP-LIT-021-KVK24-04395,hspNEurope,Intestinal metaplasia
HpGP-LIT-023-E5K76-01555,hspNEurope,Intestinal metaplasia
HpGP-LIT-024-E5K84-04430,hspEurasia,Intestinal metaplasia
HpGP-LIT-026-KVL41-04495,hspEurasia,Intestinal metaplasia
HpGP-LIT-028-KVK51-02165,hspNEurope,Intestinal metaplasia
HpGP-LIT-030-E5K81-04335,hspNEurope,Gastric cancer
HpGP-LIT-031-KVM43-04445,hspNEurope,Gastric cancer
HpGP-LIT-032-KVL69-04265,hspNEurope,Gastric cancer
HpGP-LIT-035-E5K79-04215,hspNEurope,Gastric cancer
HpGP-MAL-002-E5K99-04140,HpAsia2,Non-atrophic gastritis
HpGP-MAL-003-E5L04-04340,hspEAsia,Non-atrophic gastritis
HpGP-MAL-004-E5K87-06280,HpAsia2,Non-atrophic gastritis
HpGP-MAL-005-E5K88-04445,hspEAsia,Non-atrophic gastritis
HpGP-MAL-006-E5K89-02000,hspEAsia,Non-atrophic gastritis
HpGP-MAL-008-E5K91-04325,hspEAsia,Non-atrophic gastritis
HpGP-MAL-012-E5K92-02420,hspEAsia,Non-atrophic gastritis
HpGP-MAL-015-E5L03-04495,hspEAsia,Intestinal metaplasia
HpGP-MAL-016-E5K93-04545,HpAsia2,Intestinal metaplasia
HpGP-MAL-017-E5K94-03155,HpAsia2,Intestinal metaplasia
HpGP-MAL-018-E5K95-04515,hspEAsia,Intestinal metaplasia
HpGP-MAL-020-E5K96-04420,hspEAsia,Intestinal metaplasia
HpGP-MAL-021-E5K97-04720,hspEAsia,Intestinal metaplasia
HpGP-MAL-022-E5L00-04355,hspEAsia,Intestinal metaplasia
HpGP-MAL-023-E5K98-06145,hspEAsia,Intestinal metaplasia
HpGP-MAL-025-E5L01-04360,HpAsia2,Intestinal metaplasia
HpGP-MEX-002-E5L07-01600,hspSWEuropeLatinAmerica,Non-atrophic gastritis
HpGP-MEX-003-E5L08-06230,hspSWEuropeLatinAmerica,Non-atrophic gastritis
HpGP-MEX-004-E5L18-01545,hspSWEuropeLatinAmerica,Non-atrophic gastritis
HpGP-MEX-006-E5L09-04280,hspSWEuropeLatinAmerica,Non-atrophic gastritis
HpGP-MEX-007-E5L22-04070,hspSWEurope,Non-atrophic gastritis
HpGP-MEX-010-E5L12-04395,hspSWEuropeLatinAmerica,Non-atrophic gastritis
HpGP-MEX-012-Duplicated-1-E5L19-01555,hspSWEuropeLatinAmerica,Non-atrophic gastritis
HpGP-MEX-012-Duplicated-2-E5L19-04280,hspSWEuropeLatinAmerica,Non-atrophic gastritis
HpGP-MEX-023-E5L13-04395,hspSWEuropeLatinAmerica,Gastric cancer
HpGP-MEX-024-E5L14-04540,hspSWEuropeLatinAmerica,Gastric cancer
HpGP-MEX-028-E5L25-04285,hspIndigenousAmerica,Gastric cancer
HpGP-MEX-032-E5L15-04465,hspSWEuropeLatinAmerica,Gastric cancer
HpGP-MEX-035-E5L16-01550,hspSWEuropeLatinAmerica,Gastric cancer
HpGP-MEX-040-E5L21-06035,hspSWEuropeLatinAmerica,Gastric cancer
HpGP-MEX-041-E5L17-04355,hspSWEuropeLatinAmerica,Gastric cancer
HpGP-MEX-043-E5L23-01535,hspSWEuropeLatinAmerica,Gastric cancer
HpGP-MEX-045-Duplicated-1-KVK19-01610,hspSWEuropeLatinAmerica,Gastric cancer
HpGP-MEX-045-Duplicated-2-KVK19-04620,hspSWEuropeLatinAmerica,Gastric cancer
HpGP-MEX-046-KVK01-04290,hspSWEuropeLatinAmerica,Gastric cancer
HpGP-MMR-001-KVL43-04240,HpAsia2,Non-atrophic gastritis
HpGP-MMR-002-KVK50-03140,HpAsia2,Non-atrophic gastritis
HpGP-MMR-003-KVM25-04375,HpAsia2,Non-atrophic gastritis
HpGP-MMR-004-KVK32-04095,HpAsia2,Non-atrophic gastritis
HpGP-MMR-005-KVL68-04245,HpAsia2,Non-atrophic gastritis
HpGP-MMR-006-KVM99-04220,HpAsia2,Non-atrophic gastritis
HpGP-MMR-007-KVL83-04215,HpAsia2,Non-atrophic gastritis
HpGP-MMR-008-KVL84-04235,HpAsia2,Non-atrophic gastritis
HpGP-MMR-009-Duplicated-1-KVK66-04255,HpAsia2,Non-atrophic gastritis
HpGP-MMR-009-Duplicated-2-KVK66-05950,HpAsia2,Non-atrophic gastritis
HpGP-MMR-010-KVM26-04085,HpAsia2,Non-atrophic gastritis
HpGP-MMR-011-KVJ86-04310,HpAsia2,Gastric cancer
HpGP-MMR-012-Duplicated-1-KVL03-04130,HpAsia2,Gastric cancer
HpGP-MMR-012-Duplicated-2-KVL03-05855,HpAsia2,Gastric cancer
HpGP-NGA-006-Duplicated-1-KVM63-01570,hspAfrica1MiscAmerica,Non-atrophic gastritis
HpGP-NGA-006-Duplicated-2-KVM63-04465,hspAfrica1MiscAmerica,Non-atrophic gastritis
HpGP-NGA-010-KVJ62-04305,hspAfrica1MiscAmerica,Non-atrophic gastritis
HpGP-NGA-017-KVL72-04525,hspAfrica1NAmerica,Non-atrophic gastritis
HpGP-NGA-019-KVL08-03415,hspAfrica1NAmerica,Non-atrophic gastritis
HpGP-NPL-003-KVL21-01425,HpAsia2,Non-atrophic gastritis
HpGP-NPL-004-KVM85-04660,hspUral,Non-atrophic gastritis
HpGP-NPL-007-KVM65-04300,hspUral,Non-atrophic gastritis
HpGP-NPL-008-Duplicated-1-KVL81-04110,HpAsia2,Non-atrophic gastritis
HpGP-NPL-008-Duplicated-2-KVL81-05840,HpAsia2,Non-atrophic gastritis
HpGP-NPL-009-Duplicated-1-KVK10-01440,HpAsia2,Non-atrophic gastritis
HpGP-NPL-009-Duplicated-2-KVK10-04420,HpAsia2,Non-atrophic gastritis
HpGP-NPL-010-KVL22-02720,hspEurasia,Non-atrophic gastritis
HpGP-NPL-011-KVM61-01595,HpAsia2,Gastric cancer
HpGP-NPL-012-KVL90-06265,hspEurasia,Gastric cancer
HpGP-NPL-013-KVJ89-04245,HpAsia2,Gastric cancer
HpGP-PER-011-E5L34-04210,hspIndigenousAmerica,Gastric cancer
HpGP-PER-013-E5L35-04475,hspAfrica1NAmerica,Gastric cancer
HpGP-PER-014-E5L43-04475,hspSWEuropeLatinAmerica,Gastric cancer
HpGP-PER-016-Duplicated-1-E5L37-01570,hspSWEuropeLatinAmerica,Gastric cancer
HpGP-PER-016-Duplicated-2-E5L37-04410,hspSWEuropeLatinAmerica,Gastric cancer
HpGP-PER-017-E5L44-01605,hspSWEuropeLatinAmerica,Gastric cancer
HpGP-PER-018-E5L38-02135,hspSWEuropeLatinAmerica,Gastric cancer
HpGP-PER-019-E5L41-04245,hspIndigenousAmerica,Gastric cancer
HpGP-PER-020-E5L40-04445,hspAfrica1NAmerica,Gastric cancer
HpGP-PER-021-E5L39-04520,hspSWEuropeLatinAmerica,Gastric cancer
HpGP-PER-102-Duplicated-1-KVL46-01585,hspSWEuropeLatinAmerica,Non-atrophic gastritis
HpGP-PER-102-Duplicated-2-KVL46-04350,hspSWEuropeLatinAmerica,Non-atrophic gastritis
HpGP-PER-103-KVL86-03080,hspSWEuropeLatinAmerica,Non-atrophic gastritis
HpGP-PER-104-Duplicated-1-KVJ61-01550,hspSWEuropeLatinAmerica,Non-atrophic gastritis
HpGP-PER-104-Duplicated-2-KVJ61-04595,hspSWEuropeLatinAmerica,Non-atrophic gastritis
HpGP-PER-105-KVL00-01545,hspSWEuropeLatinAmerica,Non-atrophic gastritis
HpGP-PER-106-KVK43-04310,hspSWEuropeLatinAmerica,Non-atrophic gastritis
HpGP-PER-107-Duplicated-1-KVM13-01570,hspSWEuropeLatinAmerica,Non-atrophic gastritis
HpGP-PER-107-Duplicated-2-KVM13-04365,hspSWEuropeLatinAmerica,Non-atrophic gastritis
HpGP-PER-108-KVJ83-01575,hspSWEuropeLatinAmerica,Non-atrophic gastritis
HpGP-PER-109-KVL17-04365,hspSWEuropeLatinAmerica,Non-atrophic gastritis
HpGP-PER-110-KVK15-04430,hspSWEuropeLatinAmerica,Non-atrophic gastritis
HpGP-PER-111-KVK98-04225,hspIndigenousAmerica,Intestinal metaplasia
HpGP-PER-112-KVM90-04250,hspAfrica1MiscAmerica,Intestinal metaplasia
HpGP-PER-113-KVM02-04290,hspSWEuropeLatinAmerica,Intestinal metaplasia
HpGP-PER-114-KVJ87-04320,hspSWEuropeLatinAmerica,Intestinal metaplasia
HpGP-PER-115-KVL20-04325,hspSWEuropeLatinAmerica,Intestinal metaplasia
HpGP-PER-116-KVK48-04420,hspAfrica1SAfrica,Intestinal metaplasia
HpGP-PER-117-Duplicated-1-KVK03-01580,hspSWEuropeLatinAmerica,Intestinal metaplasia
HpGP-PER-117-Duplicated-2-KVK03-04615,hspSWEuropeLatinAmerica,Intestinal metaplasia
HpGP-PER-119-KVM08-04280,hspSWEuropeLatinAmerica,Intestinal metaplasia
HpGP-PER-121-KVL50-02735,hspIndigenousAmerica,Gastric cancer
HpGP-PER-124-KVK73-05420,hspSWEuropeLatinAmerica,Gastric cancer
HpGP-PER-136-Duplicated-1-KVK07-01545,hspSWEuropeLatinAmerica,Gastric cancer
HpGP-PER-136-Duplicated-2-KVK07-04490,hspSWEuropeLatinAmerica,Gastric cancer
HpGP-PER-138-KVL58-04625,hspIndigenousAmerica,Gastric cancer
HpGP-PER-140-KVK46-04415,hspAfrica1MiscAmerica,Gastric cancer
HpGP-POL-009-KVM80-01925,hspEurasia,Non-atrophic gastritis
HpGP-POL-102-Duplicated-1-KVJ97-01650,hspEurasia,Non-atrophic gastritis
HpGP-POL-102-Duplicated-2-KVJ97-04435,hspEurasia,Non-atrophic gastritis
HpGP-POL-102-Duplicated-3-KVJ97-06015,hspEurasia,Non-atrophic gastritis
HpGP-POL-103-Duplicated-1-KVL67-01665,hspEurasia,Non-atrophic gastritis
HpGP-POL-103-Duplicated-2-KVL67-04560,hspEurasia,Non-atrophic gastritis
HpGP-POL-104-Duplicated-1-KVK76-04695,hspEurasia,Non-atrophic gastritis
HpGP-POL-104-Duplicated-2-KVK76-06265,hspEurasia,Non-atrophic gastritis
HpGP-POL-105-KVM45-05645,hspEurasia,Non-atrophic gastritis
HpGP-POR-002-FE339-02190,hspSWEurope,Non-atrophic gastritis
HpGP-POR-004-FE341-04405,hspAfrica1WAfrica,Non-atrophic gastritis
HpGP-POR-005-FE342-04265,hspSWEurope,Non-atrophic gastritis
HpGP-POR-006-FE343-04220,hspAfrica1SAfrica,Non-atrophic gastritis
HpGP-POR-008-FE345-04260,hspSWEurope,Non-atrophic gastritis
HpGP-POR-012-Duplicated-1-FE349-01540,hspSWEurope,Gastric cancer
HpGP-POR-012-Duplicated-2-FE349-04385,hspSWEurope,Gastric cancer
HpGP-POR-104-KVK84-04765,hspSWEurope,Non-atrophic gastritis
HpGP-POR-108-KVK55-05345,hspSWEurope,Intestinal metaplasia
HpGP-POR-110-KVJ63-01345,hspSWEuropeLatinAmerica,Intestinal metaplasia
HpGP-POR-112-Duplicated-1-KVK90-04285,hspSWEurope,Intestinal metaplasia
HpGP-POR-112-Duplicated-2-KVK90-05900,hspSWEurope,Intestinal metaplasia
HpGP-POR-113-KVL79-04465,hspSWEurope,Intestinal metaplasia
HpGP-POR-114-KVM42-04295,hspSWEurope,Intestinal metaplasia
HpGP-PRI-007-KVK72-04495,hspSWEurope,Non-atrophic gastritis
HpGP-PRI-008-KVM94-06160,hspSWEurope,Non-atrophic gastritis
HpGP-RUS-001-KVJ59-06300,hspNEurope,Non-atrophic gastritis
HpGP-RUS-004-KVL89-06015,hspNEurope,Non-atrophic gastritis
HpGP-RUS-007-KVK68-04470,hspNEurope,Non-atrophic gastritis
HpGP-RUS-010-KVL33-04340,hspNEurope,Gastric cancer
HpGP-SGP-002-KVM14-01880,hspEAsia,Non-atrophic gastritis
HpGP-SGP-003-KVJ95-04600,hspEAsia,Non-atrophic gastritis
HpGP-SGP-004-KVK63-04440,hspEAsia,Non-atrophic gastritis
HpGP-SGP-005-KVL39-04555,hspEAsia,Non-atrophic gastritis
HpGP-SGP-006-KVK25-04520,hspEAsia,Non-atrophic gastritis
HpGP-SGP-007-KVJ69-02345,hspEAsia,Non-atrophic gastritis
HpGP-SGP-008-KVL01-04465,hspEAsia,Non-atrophic gastritis
HpGP-SGP-009-KVM06-04595,hspEAsia,Non-atrophic gastritis
HpGP-SGP-012-KVJ80-04340,hspEAsia,Intestinal metaplasia
HpGP-SGP-013-KVL23-04300,hspEAsia,Intestinal metaplasia
HpGP-SGP-014-KVL25-04375,hspEAsia,Intestinal metaplasia
HpGP-SGP-015-Duplicated-1-KVJ90-04895,hspEAsia,Intestinal metaplasia
HpGP-SGP-015-Duplicated-2-KVJ90-06465,hspEAsia,Intestinal metaplasia
HpGP-SGP-017-KVM79-03170,hspEAsia,Intestinal metaplasia
HpGP-SGP-018-KVK69-06375,hspEAsia,Intestinal metaplasia
HpGP-SGP-026-KVL54-01845,hspEAsia,Gastric cancer
HpGP-SGP-032-KVM92-04740,hspEAsia,Gastric cancer
HpGP-SGP-033-KVK12-04445,hspEAsia,Gastric cancer
HpGP-SGP-036-KVM09-02355,hspEAsia,Gastric cancer
HpGP-SGP-038-KVM93-02730,hspEAsia,Gastric cancer
HpGP-SPA-002-E5L47-04180,hspSWEurope,Non-atrophic gastritis
HpGP-SPA-004-E5L48-04320,hspSWEurope,Non-atrophic gastritis
HpGP-SPA-011-E5L53-03335,hspEurasia,Non-atrophic gastritis
HpGP-SPA-013-Duplicated-1-E5L55-04340,hspSWEurope,Gastric cancer
HpGP-SPA-013-Duplicated-2-E5L55-05925,hspSWEurope,Gastric cancer
HpGP-SPA-014-E5L56-01785,hspSWEurope,Gastric cancer
HpGP-SPA-015-E5L57-04235,hspSWEurope,Gastric cancer
HpGP-SPA-016-E5L58-04945,hspSWEurope,Gastric cancer
HpGP-SPA-017-E5L64-04040,hspSWEurope,Gastric cancer
HpGP-SPA-019-Duplicated-1-FFR88-04525,hspSWEurope,Gastric cancer
HpGP-SPA-019-Duplicated-2-FFR88-06100,hspSWEurope,Gastric cancer
HpGP-SPA-020-Duplicated-1-E5L59-01375,hspSWEurope,Gastric cancer
HpGP-SPA-020-Duplicated-2-E5L59-04310,hspSWEurope,Gastric cancer
HpGP-SPA-102-KVM28-05985,hspSWEurope,Non-atrophic gastritis
HpGP-SPA-104-KVL45-01535,hspSWEurope,Non-atrophic gastritis
HpGP-SPA-107-KVJ78-04050,hspSWEurope,Non-atrophic gastritis
HpGP-SPA-108-KVM74-05915,hspSWEurope,Intestinal metaplasia
HpGP-SPA-110-KVJ65-05905,hspSWEurope,Non-atrophic gastritis
HpGP-SPA-202-KVK82-03705,hspAfrica1NAmerica,Non-atrophic gastritis
HpGP-SPA-207-KVM32-04350,hspSWEuropeLatinAmerica,Non-atrophic gastritis
HpGP-SPA-306-Duplicated-1-KVM77-01535,hspSWEurope,Non-atrophic gastritis
HpGP-SPA-306-Duplicated-2-KVM77-03195,hspSWEurope,Non-atrophic gastritis
HpGP-SPA-309-KVJ70-01955,hspSWEuropeLatinAmerica,Non-atrophic gastritis
HpGP-SPA-311-KVK95-04295,hspSWEurope,Intestinal metaplasia
HpGP-SPA-312-KVK37-04560,hspSWEuropeLatinAmerica,Intestinal metaplasia
HpGP-SPA-313-Duplicated-1-KVM49-04350,hspSWEuropeLatinAmerica,Intestinal metaplasia
HpGP-SPA-313-Duplicated-2-KVM49-06115,hspSWEuropeLatinAmerica,Intestinal metaplasia
HpGP-SPA-314-KVL11-01395,hspSWEuropeLatinAmerica,Intestinal metaplasia
HpGP-SPA-317-KVJ67-04310,hspAfrica1NAmerica,Intestinal metaplasia
HpGP-SPA-318-KVL63-01570,hspSWEuropeLatinAmerica,Intestinal metaplasia
HpGP-SPA-321-KVM52-04430,hspSWEurope,Gastric cancer
HpGP-SPA-322-KVJ99-04285,hspSWEuropeLatinAmerica,Gastric cancer
HpGP-SPA-323-Duplicated-1-KVL95-01600,hspSWEurope,Gastric cancer
HpGP-SPA-323-Duplicated-2-KVL95-04310,hspSWEurope,Gastric cancer
HpGP-SPA-325-Duplicated-1-KVM87-01575,hspSWEurope,Gastric cancer
HpGP-SPA-325-Duplicated-2-KVM87-04285,hspSWEurope,Gastric cancer
HpGP-SPA-402-KVK33-04450,hspAfrica1MiscAmerica,Non-atrophic gastritis
HpGP-SPA-403-Duplicated-1-KVK78-01570,hspSWEurope,Non-atrophic gastritis
HpGP-SPA-403-Duplicated-2-KVK78-04305,hspSWEurope,Non-atrophic gastritis
HpGP-SPA-405-Duplicated-1-KVM16-01575,hspSWEuropeLatinAmerica,Non-atrophic gastritis
HpGP-SPA-405-Duplicated-2-KVM16-04330,hspSWEuropeLatinAmerica,Non-atrophic gastritis
HpGP-SPA-407-KVL15-04430,hspSWEurope,Non-atrophic gastritis
HpGP-SPA-409-KVM82-04350,hspAfrica1MiscAmerica,Non-atrophic gastritis
HpGP-SPA-504-Duplicated-1-KVL09-04265,hspEurasia,Non-atrophic gastritis
HpGP-SPA-504-Duplicated-2-KVL09-06030,hspEurasia,Non-atrophic gastritis
HpGP-SPA-507-KVJ85-04450,hspSWEurope,Non-atrophic gastritis
HpGP-SPA-508-KVL18-02000,hspSWEurope,Non-atrophic gastritis
HpGP-SPA-601-KVL57-00990,hspSWEurope,Non-atrophic gastritis
HpGP-SPA-606-KVM31-02615,hspSWEurope,Non-atrophic gastritis
HpGP-SPA-609-KVL19-04350,hspAfrica1MiscAmerica,Non-atrophic gastritis
HpGP-SPA-611-KVJ79-01615,hspSWEurope,Gastric cancer
HpGP-SPA-706-KVM81-04250,hspIndigenousAmerica,Non-atrophic gastritis
HpGP-SPA-709-KVL74-04930,hspEurasia,Non-atrophic gastritis
HpGP-SPA-801-KVK96-01700,hspSWEurope,Non-atrophic gastritis
HpGP-SPA-803-Duplicated-1-KVK38-02385,hspSWEurope,Non-atrophic gastritis
HpGP-SPA-803-Duplicated-2-KVK38-05440,hspSWEurope,Non-atrophic gastritis
HpGP-SPA-807-KVM62-01745,hspSWEurope,Intestinal metaplasia
HpGP-SWE-002-E5P57-06260,hspNEurope,Non-atrophic gastritis
HpGP-SWE-006-E5P60-04340,hspNEurope,Non-atrophic gastritis
HpGP-SWE-007-E5P82-04315,hspEurasia,Non-atrophic gastritis
HpGP-SWE-012-E5P62-04420,hspNEurope,Non-atrophic gastritis
HpGP-SWE-013-KVM37-01590,hspEurasia,Intestinal metaplasia
HpGP-SWE-016-E5P65-06200,hspNEurope,Intestinal metaplasia
HpGP-SWE-017-E5P66-05845,hspNEurope,Intestinal metaplasia
HpGP-SWE-018-E5P81-04280,hspNEurope,Intestinal metaplasia
HpGP-SWE-019-E5P67-04870,hspNEurope,Intestinal metaplasia
HpGP-SWE-022-Duplicated-1-E5P84-04655,hspNEurope,Intestinal metaplasia
HpGP-SWE-022-Duplicated-2-E5P84-06360,hspNEurope,Intestinal metaplasia
HpGP-SWE-025-E5P69-05980,hspNEurope,Gastric cancer
HpGP-SWE-026-E5P70-04395,hspNEurope,Gastric cancer
HpGP-SWE-027-E5P71-01585,hspNEurope,Gastric cancer
HpGP-SWE-030-E5P73-01580,hspNEurope,Gastric cancer
HpGP-SWE-031-E5P74-01545,hspNEurope,Gastric cancer
HpGP-SWE-032-E5P75-04590,hspNEurope,Gastric cancer
HpGP-SWE-034-Duplicated-1-E5P83-01615,hspNEurope,Gastric cancer
HpGP-SWE-034-Duplicated-2-E5P83-04910,hspNEurope,Gastric cancer
HpGP-SWE-036-E5P77-04180,hspNEurope,Gastric cancer
HpGP-SWT-007-FE360-04370,hspEurasia,Non-atrophic gastritis
HpGP-SWT-008-FE361-04255,hspEurasia,Non-atrophic gastritis
HpGP-SWT-010-FE362-04445,hpNEAfrica,Non-atrophic gastritis
HpGP-SWT-017-FOG20-04265,hspEurasia,Intestinal metaplasia
HpGP-TUR-001-KVL24-01560,hspEurasia,Non-atrophic gastritis
HpGP-TUR-005-KVJ68-04185,hspEurasia,Non-atrophic gastritis
HpGP-TUR-006-KVM86-04240,hspEurasia,Non-atrophic gastritis
HpGP-TUR-008-KVJ93-04315,hspEurasia,Non-atrophic gastritis
HpGP-TUR-014-KVK86-04420,hspEurasia,Gastric cancer
HpGP-TUR-016-Duplicated-1-KVL37-01560,hspEurasia,Gastric cancer
HpGP-TUR-016-Duplicated-2-KVL37-04470,hspEurasia,Gastric cancer
HpGP-TUR-022-KVL85-01660,hspEurasia,Intestinal metaplasia
HpGP-TUR-023-Duplicated-1-KVK18-01555,hspEurasia,Intestinal metaplasia
HpGP-TUR-023-Duplicated-2-KVK18-04455,hspEurasia,Intestinal metaplasia
HpGP-TWN-001-E5P85-04450,hspEAsia,Non-atrophic gastritis
HpGP-TWN-002-E5P86-04240,hspEAsia,Non-atrophic gastritis
HpGP-TWN-003-E5P87-04395,hspEAsia,Non-atrophic gastritis
HpGP-TWN-004-E5P88-04395,hspEAsia,Non-atrophic gastritis
HpGP-TWN-005-E5P89-04455,hspEAsia,Non-atrophic gastritis
HpGP-TWN-006-E5Q00-04475,hspEAsia,Non-atrophic gastritis
HpGP-TWN-007-E5Q01-04590,hspEAsia,Non-atrophic gastritis
HpGP-TWN-008-E5Q03-04365,hspEAsia,Non-atrophic gastritis
HpGP-TWN-009-E5P90-04375,hspEAsia,Non-atrophic gastritis
HpGP-TWN-010-E5P91-04360,hspEAsia,Non-atrophic gastritis
HpGP-TWN-016-E5P92-04340,hspEAsia,Gastric cancer
HpGP-TWN-017-E5P93-04310,hspEAsia,Gastric cancer
HpGP-TWN-018-E5Q02-04420,hspEAsia,Gastric cancer
HpGP-TWN-019-E5P94-04365,hspEAsia,Gastric cancer
HpGP-TWN-020-E5Q04-04655,hspEAsia,Gastric cancer
HpGP-TWN-021-E5P95-04350,hspEAsia,Gastric cancer
HpGP-TWN-022-E5P99-04260,hspEAsia,Gastric cancer
HpGP-TWN-023-E5P96-04340,hspEAsia,Gastric cancer
HpGP-TWN-024-E5P98-04505,hspEAsia,Gastric cancer
HpGP-TWN-026-KVL47-04380,hspEAsia,Gastric cancer
HpGP-TWN-027-KVK89-02525,hspEAsia,Gastric cancer
HpGP-TWN-028-KVL77-04480,hspEAsia,Gastric cancer
HpGP-TWN-029-KVM22-02485,hspEAsia,Gastric cancer
HpGP-TWN-030-KVK52-04340,hspEAsia,Gastric cancer
HpGP-USA-001-Duplicated-1-KVM68-04355,hspSWEuropeLatinAmerica,Non-atrophic gastritis
HpGP-USA-001-Duplicated-2-KVM68-05935,hspSWEuropeLatinAmerica,Non-atrophic gastritis
HpGP-USA-002-KVM05-04570,hspSWEuropeLatinAmerica,Non-atrophic gastritis
HpGP-USA-003-KVK35-04365,hspAfrica1NAmerica,Non-atrophic gastritis
HpGP-USA-004-KVL56-04385,hspSWEuropeLatinAmerica,Non-atrophic gastritis
HpGP-USA-008-Duplicated-1-KVK05-01525,hspSWEurope,Non-atrophic gastritis
HpGP-USA-008-Duplicated-2-KVK05-05600,hspSWEurope,Non-atrophic gastritis
HpGP-USA-011-KVK21-04660,hspEAsia,Intestinal metaplasia
HpGP-USA-105-KVM21-04355,hspAfrica1NAmerica,Non-atrophic gastritis
HpGP-USA-202-KVM15-04385,hspAfrica1NAmerica,Gastric cancer
HpGP-USA-203-KVJ92-04540,hspSWEuropeLatinAmerica,Non-atrophic gastritis
HpGP-USA-204-KVM76-03870,hspSWEuropeLatinAmerica,Non-atrophic gastritis
HpGP-USA-205-KVK67-02185,hspIndigenousAmerica,Non-atrophic gastritis
HpGP-USA-206-KVM59-04305,hspAfrica1NAmerica,Non-atrophic gastritis
HpGP-USA-208-KVK39-02355,hspSWEurope,Non-atrophic gastritis
HpGP-USA-301-KVJ96-04295,hspAfrica1NAmerica,Non-atrophic gastritis
HpGP-USA-302-Duplicated-1-KVL07-01410,hspSWEuropeLatinAmerica,Non-atrophic gastritis
HpGP-USA-302-Duplicated-2-KVL07-06100,hspSWEuropeLatinAmerica,Non-atrophic gastritis
HpGP-USA-303-KVM73-04325,hspAfrica1NAmerica,Non-atrophic gastritis
HpGP-USA-304-KVJ71-04380,hspAfrica1NAmerica,Non-atrophic gastritis
HpGP-USA-306-KVL60-01345,hspAfrica1NAmerica,Non-atrophic gastritis
HpGP-USA-311-KVK71-04410,hspAfrica1NAmerica,Gastric cancer
HpGP-USA-403-KVL34-04380,hspAfrica1WAfrica,Non-atrophic gastritis
HpGP-USA-408-Duplicated-1-KVS17-04465,hspAfrica1NAmerica,Non-atrophic gastritis
HpGP-USA-408-Duplicated-2-KVS17-06085,hspAfrica1NAmerica,Non-atrophic gastritis
HpGP-USA-409-KVL59-04310,hspAfrica1NAmerica,Non-atrophic gastritis
HpGP-USA-413-KVM07-04250,hspAfrica1NAmerica,Non-atrophic gastritis
HpGP-USA-416-KVM46-04540,hspAfrica1NAmerica,Non-atrophic gastritis
HpGP-USA-417-KVJ66-04295,hspAfrica1NAmerica,Non-atrophic gastritis
HpGP-USA-418-KVK85-04310,hspAfrica1NAmerica,Non-atrophic gastritis
HpGP-USA-420-KVM04-04160,hspAfrica1NAmerica,Non-atrophic gastritis
HpGP-USA-422-KVM91-04405,HpAsia2,Non-atrophic gastritis
HpGP-USA-424-KVL38-04325,hspAfrica1NAmerica,Non-atrophic gastritis
HpGP-USA-425-KVK49-04420,hspEAsia,Non-atrophic gastritis
HpGP-USA-427-KVK87-04420,hspAfrica1WAfrica,Non-atrophic gastritis
HpGP-USA-428-KVM44-04305,hspAfrica1NAmerica,Non-atrophic gastritis
HpGP-USA-429-KVS21-04360,hspAfrica1NAmerica,Non-atrophic gastritis
HpGP-USA-431-KVK17-02100,hpNEAfrica,Non-atrophic gastritis
HpGP-USA-432-KVL27-04260,hspAfrica1NAmerica,Non-atrophic gastritis
HpGP-USA-433-KVL44-04395,hspAfrica1NAmerica,Non-atrophic gastritis
HpGP-USA-434-KVJ98-04330,hspAfrica1NAmerica,Non-atrophic gastritis
HpGP-USA-437-KVK70-04265,hspAfrica1NAmerica,Non-atrophic gastritis
HpGP-VNM-001-KVM58-04580,hspEAsia,Gastric cancer
HpGP-VNM-002-KVM98-04650,hspEAsia,Gastric cancer
HpGP-VNM-003-KVK60-04480,hspEAsia,Gastric cancer
HpGP-VNM-004-KVM67-04390,hspEAsia,Gastric cancer
HpGP-VNM-005-KVL12-02670,hspEAsia,Gastric cancer
HpGP-VNM-008-KVK06-04395,hspEAsia,Gastric cancer
HpGP-VNM-009-KVL35-02370,hspEAsia,Gastric cancer
HpGP-ZAF-001-KVK77-01300,HpAfrica2,Non-atrophic gastritis
HpGP-ZAF-002-KVM53-01160,hspAfrica1SAfrica,Non-atrophic gastritis
HpGP-ZAF-008-KVM23-04080,hspAfrica1SAfrica,Non-atrophic gastritis
HpGP-ZAF-009-KVK26-04255,HpAfrica2,Non-atrophic gastritis
J99-140201-142434,hspAfrica1WAfrica,Gastric cancer