"LD1","LD2","Phenotype"
2.4604782574767,-0.389386405437814,"Non-atrophic gastritis"
2.44277697541391,2.60451629876878,"Non-atrophic gastritis"
2.76170567255216,1.0182352288226,"Non-atrophic gastritis"
3.91309303909225,0.386780985171339,"Non-atrophic gastritis"
2.2486573024878,0.718286672400772,"Non-atrophic gastritis"
2.89664875501814,1.1146284030513,"Non-atrophic gastritis"
2.61477390768181,0.16041647704922,"Non-atrophic gastritis"
3.09538599610728,-0.590789734094524,"Non-atrophic gastritis"
2.9670606808659,1.24550096278141,"Non-atrophic gastritis"
2.59607164128311,1.05442699353271,"Non-atrophic gastritis"
2.33937802201756,0.350446185319328,"Non-atrophic gastritis"
1.64445074173103,0.502746449257812,"Non-atrophic gastritis"
2.26804913586286,1.24854279344896,"Non-atrophic gastritis"
1.98871355386368,1.67926557759271,"Non-atrophic gastritis"
2.80801481535805,-1.1830067078765,"Non-atrophic gastritis"
2.92835905199081,1.35376682353008,"Non-atrophic gastritis"
2.52524782786383,1.02536082823186,"Non-atrophic gastritis"
1.68309480844958,-0.995238134509758,"Non-atrophic gastritis"
3.95862029568194,0.254712537490632,"Non-atrophic gastritis"
3.04892958144123,-0.115010767532855,"Non-atrophic gastritis"
2.06826002235495,0.516047778253079,"Non-atrophic gastritis"
1.25689688950457,-1.56312116551562,"Non-atrophic gastritis"
2.74691156710507,0.163285218213657,"Non-atrophic gastritis"
2.5546091773939,-0.284432501593078,"Non-atrophic gastritis"
6.84604227652328,-1.78685639200127,"Non-atrophic gastritis"
-1.97982542585519,1.54084285929678,"Non-atrophic gastritis"
2.55441218646291,0.459675901204758,"Non-atrophic gastritis"
2.25546765913512,-0.371392578296405,"Non-atrophic gastritis"
-1.00321389335119,-1.49189758701197,"Intestinal metaplasia"
-0.94662539234464,-2.80915103418307,"Intestinal metaplasia"
-1.66924520998416,-3.38588761993414,"Intestinal metaplasia"
-1.48299319788089,-3.69622836313029,"Intestinal metaplasia"
-1.67072598650265,-2.69098620412502,"Intestinal metaplasia"
-0.780301293955049,-3.55826289717216,"Intestinal metaplasia"
-1.32840516009913,-2.48683466423448,"Intestinal metaplasia"
-3.66913233039258,0.707970777601723,"Gastric cancer"
-3.99214625336358,1.83161633306996,"Gastric cancer"
2.43055961141637,-0.0300587399999703,"Non-atrophic gastritis"
2.45390904648059,-0.0285895309271744,"Non-atrophic gastritis"
2.07019077584132,0.356513712949511,"Non-atrophic gastritis"
2.29021083911686,-2.33049651373345,"Non-atrophic gastritis"
-2.03157069911066,-3.13803386295719,"Intestinal metaplasia"
-1.21776926634336,-2.36952246042891,"Intestinal metaplasia"
-1.66702775557551,-4.19973693271637,"Intestinal metaplasia"
-1.51405835501026,-4.50243504948766,"Intestinal metaplasia"
-4.80389579802809,0.357219550641895,"Intestinal metaplasia"
1.71476696976757,-7.94353659404323,"Intestinal metaplasia"
-2.12923307078778,-3.11483243866383,"Intestinal metaplasia"
-1.85935822987394,-4.47346899118214,"Intestinal metaplasia"
-2.04402942859151,-2.80908830075988,"Intestinal metaplasia"
2.87896919588456,0.255244456330323,"Non-atrophic gastritis"
2.93295791869567,2.42655216730314,"Non-atrophic gastritis"
3.12942462074061,-2.57515411334656,"Non-atrophic gastritis"
2.54341549476558,0.132297703129314,"Non-atrophic gastritis"
3.10079053127536,1.08405819776125,"Non-atrophic gastritis"
1.47855956907406,-2.4190963421076,"Non-atrophic gastritis"
1.65224778168028,1.21233153374114,"Non-atrophic gastritis"
2.41289059299181,0.754810671181387,"Non-atrophic gastritis"
-0.958171563459883,-1.7449339922583,"Intestinal metaplasia"
-1.91035513660852,-4.49270723968313,"Intestinal metaplasia"
-1.15048674498529,-3.63676170279268,"Intestinal metaplasia"
-1.97249032817303,-4.37947500684488,"Intestinal metaplasia"
-1.70946572973801,-4.26213258963617,"Intestinal metaplasia"
-1.49852958573378,-4.61258726977759,"Intestinal metaplasia"
-2.1653346137387,-4.1804365411999,"Intestinal metaplasia"
-1.88120270030828,-4.18699599835532,"Intestinal metaplasia"
-2.36550748561497,-4.65110645217196,"Intestinal metaplasia"
-1.7554405339532,-4.92412394171584,"Intestinal metaplasia"
-1.15784668673924,-3.36883577069294,"Intestinal metaplasia"
2.93781427337811,-0.653032686156602,"Non-atrophic gastritis"
3.0831689178461,0.192163449958221,"Non-atrophic gastritis"
2.65965268112464,0.744697739985442,"Non-atrophic gastritis"
2.91102103839181,0.334020210167552,"Non-atrophic gastritis"
3.32120906782387,1.57721851817169,"Non-atrophic gastritis"
2.96259199635674,-0.0503091061059568,"Non-atrophic gastritis"
2.95783251287907,0.595096040157748,"Non-atrophic gastritis"
-1.76507285530937,-4.27281736196898,"Intestinal metaplasia"
-2.42847671936373,-3.77956873694618,"Intestinal metaplasia"
-1.71081946519923,-4.16130023006899,"Intestinal metaplasia"
-2.06169753324595,-3.39516089592283,"Intestinal metaplasia"
-1.75068401000194,-4.04166863828206,"Intestinal metaplasia"
-1.53202859944452,-3.48322507657444,"Intestinal metaplasia"
-1.85520337674745,-3.86675667544622,"Intestinal metaplasia"
-1.81871227573274,-3.67526557515564,"Intestinal metaplasia"
-1.81871227573274,-3.67526557515564,"Intestinal metaplasia"
-1.14740126519649,-2.3330096045803,"Intestinal metaplasia"
3.0666873003255,0.754443657749407,"Non-atrophic gastritis"
2.63435950217547,-1.03630686723636,"Non-atrophic gastritis"
2.80553836283238,-0.232954860027616,"Non-atrophic gastritis"
2.53253034265524,0.247294159694541,"Non-atrophic gastritis"
3.71614045235565,-2.23096585173586,"Non-atrophic gastritis"
2.42460594824069,3.34557594309722,"Non-atrophic gastritis"
-1.83553084542208,-4.01398933905055,"Intestinal metaplasia"
-3.92442542191444,1.43137547945796,"Gastric cancer"
-4.02187143514469,2.27230432283888,"Gastric cancer"
-3.57897898017807,2.26107180438328,"Gastric cancer"
-3.44620944068715,1.67664416798862,"Gastric cancer"
-3.8251495899565,1.05612199651085,"Gastric cancer"
-3.58343549838294,1.25700325640128,"Gastric cancer"
-3.79082402810912,1.44345028748212,"Gastric cancer"
-2.71580633143937,2.53371970661094,"Gastric cancer"
-4.00697373661628,2.23064497633569,"Gastric cancer"
-3.67845088914006,2.1808113043952,"Gastric cancer"
2.63546608307402,0.819603556997056,"Non-atrophic gastritis"
2.32417794332117,-0.0268600177335008,"Non-atrophic gastritis"
3.21850660629549,-0.0803411184204953,"Non-atrophic gastritis"
3.01894138800855,0.365572652797858,"Non-atrophic gastritis"
3.05796386056854,0.502953204943835,"Non-atrophic gastritis"
3.02189100343938,1.87846551938743,"Non-atrophic gastritis"
2.14510187998317,0.163639661481444,"Non-atrophic gastritis"
-3.09805590679621,1.5251121079539,"Gastric cancer"
2.09917651504094,0.724584813742096,"Non-atrophic gastritis"
2.49709575599946,0.286812785644653,"Non-atrophic gastritis"
2.83365033142943,-1.68861001341265,"Non-atrophic gastritis"
2.38049076191427,0.766953255563774,"Non-atrophic gastritis"
1.55154162595428,-0.0785469316891187,"Non-atrophic gastritis"
2.75244528300312,0.69976886168234,"Non-atrophic gastritis"
1.98090892729258,-0.866274360117662,"Non-atrophic gastritis"
2.56608777289116,0.284077334874229,"Non-atrophic gastritis"
2.99198607554614,0.0644426181025761,"Non-atrophic gastritis"
2.66307589246228,-0.833352842634328,"Non-atrophic gastritis"
3.52592371640655,0.179000611173034,"Non-atrophic gastritis"
2.65961834964267,0.0783972263130717,"Non-atrophic gastritis"
2.94823234400015,0.661282222082836,"Non-atrophic gastritis"
-2.0185103092477,0.901110296519744,"Gastric cancer"
-4.59922738796946,1.42948170698777,"Gastric cancer"
-2.41995652873735,-0.0371394971144632,"Gastric cancer"
-3.85048071988781,2.08871163247419,"Gastric cancer"
-1.76527006986168,-1.81656661928803,"Intestinal metaplasia"
-0.990787592620732,-3.19216026835262,"Intestinal metaplasia"
-2.19312122675504,-1.66991693854308,"Intestinal metaplasia"
-1.99042674599567,-4.26528946531355,"Intestinal metaplasia"
-1.76534805801924,-3.67553260872601,"Intestinal metaplasia"
2.86295344615109,0.509189693633699,"Non-atrophic gastritis"
1.98398732443811,0.681770359992786,"Non-atrophic gastritis"
3.93073303744474,-0.810203012495679,"Non-atrophic gastritis"
2.29986611669922,0.626432802105564,"Non-atrophic gastritis"
2.34002470689427,0.0402916342321401,"Non-atrophic gastritis"
2.60895727222918,0.299766540800152,"Non-atrophic gastritis"
3.0579901623986,0.861783163490172,"Non-atrophic gastritis"
-1.69460018275151,-2.70410865712505,"Intestinal metaplasia"
3.02292468234501,0.344081773361824,"Non-atrophic gastritis"
2.11019956812294,0.291299439798488,"Non-atrophic gastritis"
2.11019956812294,0.291299439798488,"Non-atrophic gastritis"
2.08633791327939,-0.103380550219313,"Non-atrophic gastritis"
3.41287244743934,-0.9737920391564,"Non-atrophic gastritis"
3.16956611986416,-0.491433145791526,"Non-atrophic gastritis"
2.91674198532866,0.0746098035040154,"Non-atrophic gastritis"
2.74472046585707,1.35833010344087,"Non-atrophic gastritis"
2.74472046585707,1.35833010344087,"Non-atrophic gastritis"
-1.68700195029277,-3.0109707879316,"Intestinal metaplasia"
3.30001941167836,-2.11755367554329,"Non-atrophic gastritis"
2.15524696107289,2.60893705028274,"Non-atrophic gastritis"
1.89740004431258,1.07500448674732,"Non-atrophic gastritis"
3.52269054046282,-0.635059932241084,"Non-atrophic gastritis"
2.12351635867896,0.822308872328396,"Non-atrophic gastritis"
0.214272668178723,-0.848688575930939,"Non-atrophic gastritis"
5.4333062602788,1.6491561929701,"Non-atrophic gastritis"
3.38116895664373,0.399009577994694,"Non-atrophic gastritis"
3.0192663043047,1.00339958560574,"Non-atrophic gastritis"
2.91824984020791,0.310040175007164,"Non-atrophic gastritis"
2.95064723383497,0.376597762123317,"Non-atrophic gastritis"
2.5384248389856,0.374199600171396,"Non-atrophic gastritis"
4.15727094328518,-0.493269671336267,"Non-atrophic gastritis"
2.84034975649898,1.08743812692332,"Non-atrophic gastritis"
3.54106705248606,0.200123797649542,"Non-atrophic gastritis"
-3.19442868526873,1.99722080112967,"Gastric cancer"
2.84882360914977,0.654406729603783,"Non-atrophic gastritis"
3.38431343818002,-0.66397617992055,"Non-atrophic gastritis"
3.79015741262967,-0.132450367519005,"Non-atrophic gastritis"
2.25931406487039,-0.031092349580432,"Non-atrophic gastritis"
2.37981832627569,1.03107937663325,"Non-atrophic gastritis"
1.79013973952214,0.686538996191345,"Non-atrophic gastritis"
4.00530350390723,-0.0123701016617349,"Non-atrophic gastritis"
-3.01723641997544,2.21334397676168,"Gastric cancer"
-2.85692793098913,1.57689993807946,"Gastric cancer"
-3.98101114006306,1.7986855186903,"Gastric cancer"
-4.04397399843019,0.136415637441895,"Gastric cancer"
-4.22103751165279,2.14232097715985,"Gastric cancer"
-2.82854778909307,1.71363921500516,"Gastric cancer"
-2.82854778909307,1.71363921500516,"Gastric cancer"
-3.56809404861372,0.533214382541894,"Gastric cancer"
-3.28847415899539,1.97635324398527,"Gastric cancer"
-3.9101287803322,1.60354078323582,"Gastric cancer"
-3.28649368497389,2.65136735759886,"Gastric cancer"
2.40937028432837,1.13082300950835,"Non-atrophic gastritis"
0.894759637445973,0.734829450116314,"Non-atrophic gastritis"
2.78639371896372,-0.141027728457464,"Non-atrophic gastritis"
2.78537223466631,0.77830853918353,"Non-atrophic gastritis"
-3.79260928575089,1.21934622773174,"Gastric cancer"
-3.17624971302195,2.11168470288434,"Gastric cancer"
-4.16739154149836,1.33444389873649,"Gastric cancer"
-3.30446543541,1.97767609024096,"Gastric cancer"
-2.95282798232941,0.123372080097617,"Gastric cancer"
-2.50873599295408,-0.967555884365556,"Gastric cancer"
2.2254217957171,-0.425000484230859,"Non-atrophic gastritis"
2.88159483529478,-0.49644884184015,"Non-atrophic gastritis"
3.15840118022759,-0.253569561564245,"Non-atrophic gastritis"
2.80958071730246,-0.00487397078165802,"Non-atrophic gastritis"
2.8509997233465,0.143010906290113,"Non-atrophic gastritis"
3.07881878018278,0.592721167516337,"Non-atrophic gastritis"
3.31413359778688,1.846478734234,"Non-atrophic gastritis"
1.88954145612016,0.553734733623221,"Non-atrophic gastritis"
-3.44933850829824,1.87718456894033,"Gastric cancer"
-4.2473981409916,1.23160183188242,"Gastric cancer"
-3.60354929864565,1.20982670098377,"Gastric cancer"
2.93762618716973,0.807350714939629,"Non-atrophic gastritis"
3.11572320903315,-0.0358094380432569,"Non-atrophic gastritis"
2.62461921443543,0.691352940037583,"Non-atrophic gastritis"
2.62847386237743,0.758902139206752,"Non-atrophic gastritis"
2.57960929224901,2.01280698090191,"Non-atrophic gastritis"
3.26500977369924,0.771377166863515,"Non-atrophic gastritis"
2.54791320891389,0.0161483728223094,"Non-atrophic gastritis"
1.19853001946954,0.5235319665532,"Non-atrophic gastritis"
2.47844185295718,-0.506377502878853,"Non-atrophic gastritis"
2.48001432410473,-0.379802914204422,"Non-atrophic gastritis"
-2.05503387142053,-2.47049573617468,"Intestinal metaplasia"
-1.99524600274452,-3.35857926190219,"Intestinal metaplasia"
-0.608581546723264,-2.569069447851,"Intestinal metaplasia"
-0.780099277324422,-3.7018094277203,"Intestinal metaplasia"
-2.32677137314532,-3.05948836244147,"Intestinal metaplasia"
-1.0393357281391,-2.91744151903375,"Intestinal metaplasia"
-1.15235777667685,-3.47460045753525,"Intestinal metaplasia"
-1.41833440459286,-3.82727678573175,"Intestinal metaplasia"
-1.23693725319013,-3.34744884900299,"Intestinal metaplasia"
-1.15962974058156,-2.9483097872851,"Intestinal metaplasia"
-3.6461500055072,2.23264840998848,"Gastric cancer"
-4.11273081601979,1.64690191078999,"Gastric cancer"
-3.65278061058634,1.25297578548837,"Gastric cancer"
-3.75235008256638,0.539258623437345,"Gastric cancer"
-4.30619151156015,0.914230739857771,"Gastric cancer"
-3.2687236540359,0.63598515571891,"Gastric cancer"
3.01548185246431,0.625245396771541,"Non-atrophic gastritis"
2.58078404590601,0.811064779871198,"Non-atrophic gastritis"
2.73583924109682,0.734607075842394,"Non-atrophic gastritis"
2.49602295474274,0.567466690067531,"Non-atrophic gastritis"
2.49602295474274,0.567466690067531,"Non-atrophic gastritis"
-3.90336667618559,1.95524226843181,"Gastric cancer"
2.41648035552734,0.919514743059989,"Non-atrophic gastritis"
3.71212043650817,-0.770267776741495,"Non-atrophic gastritis"
2.51806492049786,-0.33947860967472,"Non-atrophic gastritis"
3.02991438761543,0.370282500208267,"Non-atrophic gastritis"
3.49415481465471,0.0965040261922476,"Non-atrophic gastritis"
2.58938935201204,-0.0665038255837412,"Non-atrophic gastritis"
3.75780974054327,-0.490651308116119,"Non-atrophic gastritis"
2.54583151297523,0.596157252348622,"Non-atrophic gastritis"
1.67953033709423,-0.11752026644792,"Non-atrophic gastritis"
1.19169444232766,-2.96784840877266,"Non-atrophic gastritis"
4.38001915909388,4.15477351545318,"Non-atrophic gastritis"
2.46865946283738,-0.553792379123343,"Non-atrophic gastritis"
2.89571868975039,1.50445158009344,"Non-atrophic gastritis"
1.97644024611868,1.31673645703589,"Non-atrophic gastritis"
-1.15841780838045,-3.11110167249524,"Intestinal metaplasia"
3.37580332683524,0.362841926624789,"Non-atrophic gastritis"
3.10072630129406,1.38638569442389,"Non-atrophic gastritis"
2.60371828511874,0.71071531948759,"Non-atrophic gastritis"
2.49490330751403,0.763514532425613,"Non-atrophic gastritis"
-1.84966493921456,-4.07186626020821,"Intestinal metaplasia"
-1.84966493921456,-4.07186626020821,"Intestinal metaplasia"
-1.5879405983414,-3.64551837337869,"Intestinal metaplasia"
-1.96049895776105,-2.8820041963692,"Intestinal metaplasia"
-1.63980377821513,-2.16828740437406,"Intestinal metaplasia"
-1.70212483329517,-3.99100434210804,"Intestinal metaplasia"
-1.81118383842275,-3.97305071343762,"Intestinal metaplasia"
-3.87250071445369,1.76210170403536,"Gastric cancer"
-3.87250071445369,1.76210170403536,"Gastric cancer"
-3.64063665566467,0.315409000573359,"Gastric cancer"
-3.97736398629378,1.8517093766701,"Gastric cancer"
-3.91781741201476,1.78531438046441,"Gastric cancer"
-2.53806482436688,1.39405743100617,"Gastric cancer"
-3.64294388456724,2.29050857564994,"Gastric cancer"
0.838840213885004,1.3022044267864,"Non-atrophic gastritis"
-2.33298209921131,-3.56837876149511,"Intestinal metaplasia"
-1.61526350999244,-2.76248829104316,"Intestinal metaplasia"
-2.09534862959079,-3.95818795688865,"Intestinal metaplasia"
-2.21082843435732,-3.73945009157579,"Intestinal metaplasia"
-1.52808346431525,-2.16275987303915,"Intestinal metaplasia"
-1.62242327795358,-4.21041821190047,"Intestinal metaplasia"
-3.835620746106,1.1033738643508,"Gastric cancer"
-3.71758587420332,1.82762529272672,"Gastric cancer"
-3.98122007827871,0.501493611678799,"Gastric cancer"
-3.81179874943837,1.32258726289902,"Gastric cancer"
-3.83984003898771,1.47557387664943,"Gastric cancer"
-3.10704378813454,2.10424429558697,"Gastric cancer"
-4.01339106991461,2.03892913638938,"Gastric cancer"
2.29881937162556,0.119156881671404,"Non-atrophic gastritis"
2.14768329227609,-0.601984577977734,"Non-atrophic gastritis"
2.87862857792175,0.442364719454752,"Non-atrophic gastritis"
2.87862857792175,0.442364719454752,"Non-atrophic gastritis"
2.59790453753201,1.26760926989017,"Non-atrophic gastritis"
2.11908638610655,1.39307424761412,"Non-atrophic gastritis"
2.63431881580585,-0.436165208582275,"Non-atrophic gastritis"
-3.74447019063779,1.98827529846847,"Gastric cancer"
-4.31794623043185,2.13396046730579,"Gastric cancer"
-3.90068890330614,1.35176663769529,"Gastric cancer"
-3.81403530155028,1.62084678338058,"Gastric cancer"
2.95862016998322,-0.238489448558845,"Non-atrophic gastritis"
2.95862016998322,-0.238489448558845,"Non-atrophic gastritis"
2.88650235564684,0.641191113635133,"Non-atrophic gastritis"
2.72126780936077,-0.549743978050554,"Non-atrophic gastritis"
2.99794459532708,0.642099139572132,"Non-atrophic gastritis"
2.14242827060062,1.61747351617338,"Non-atrophic gastritis"
2.30926531857834,0.927773598850638,"Non-atrophic gastritis"
1.6756815831336,1.23077552176928,"Non-atrophic gastritis"
2.87691491503134,0.414852867098786,"Non-atrophic gastritis"
2.44433879520578,0.107055051861597,"Non-atrophic gastritis"
2.03845060796125,-0.106013210715868,"Non-atrophic gastritis"
2.17029912890891,0.373003610429294,"Non-atrophic gastritis"
2.81951309734077,0.309178640181724,"Non-atrophic gastritis"
2.36276131871751,0.82591264665869,"Non-atrophic gastritis"
2.45210205327359,0.635602653998588,"Non-atrophic gastritis"
2.60292728702782,0.130256707233859,"Non-atrophic gastritis"
-4.48297723551621,2.1904676248997,"Gastric cancer"
-2.48195730097319,0.794260197932885,"Gastric cancer"
-3.58583640243895,0.799271134587296,"Gastric cancer"
-3.94283360597039,-0.451068791589445,"Gastric cancer"
-4.87762117068421,1.79197148093594,"Gastric cancer"
-3.6828603441019,1.43762104782531,"Gastric cancer"
-3.28484322529448,1.85116375951064,"Gastric cancer"
-3.44150297765235,0.816285646019209,"Gastric cancer"
-3.42841706675944,1.69880362668016,"Gastric cancer"
-3.99853697184831,2.58908808872273,"Gastric cancer"
-3.92234280145648,1.98220477920244,"Gastric cancer"
-3.51373046199144,0.571415101504065,"Gastric cancer"
-2.75456665580543,3.0582737659543,"Gastric cancer"
-4.07459654515526,0.597494312259943,"Gastric cancer"
-3.04101310222886,3.24261627775104,"Gastric cancer"
-4.02217288213908,1.75775453430607,"Gastric cancer"
-3.51017986953163,1.84820027628084,"Gastric cancer"
-3.6914528337177,3.60007579800605,"Gastric cancer"
-3.83193615264902,1.02167923015036,"Gastric cancer"
-3.75671941879699,1.83266446266142,"Gastric cancer"
-3.84946339185133,1.50061613374617,"Gastric cancer"
-2.84596006480355,0.176628745295448,"Gastric cancer"
2.27079529361003,1.71046020784001,"Non-atrophic gastritis"
1.3843995958505,-0.0106915513142606,"Non-atrophic gastritis"
2.38674487064101,0.203630181640187,"Non-atrophic gastritis"
1.61140828424154,-0.409382202981312,"Non-atrophic gastritis"
1.40303266068146,3.15948273535016,"Non-atrophic gastritis"
0.869843972421825,0.912965325145514,"Non-atrophic gastritis"
-2.33412463530026,-3.3321173825657,"Intestinal metaplasia"
-2.54253976690321,-3.29476834652163,"Intestinal metaplasia"
-1.52394683238509,-3.54102420252999,"Intestinal metaplasia"
-1.75139903070498,-2.16895048553888,"Intestinal metaplasia"
-1.41453270181033,-3.85226352071747,"Intestinal metaplasia"
-2.2275276700691,-2.32381254901793,"Intestinal metaplasia"
-1.41852985914068,-2.73517425454382,"Intestinal metaplasia"
-2.31419322101592,-2.36852368734465,"Intestinal metaplasia"
-1.465912974226,-2.09436119186719,"Intestinal metaplasia"
-1.87867582080231,-4.22986749790523,"Intestinal metaplasia"
-3.63836467618344,1.49173075180748,"Gastric cancer"
-3.93637767863021,1.758214768818,"Gastric cancer"
-2.50580568531334,2.59477032668377,"Gastric cancer"
2.12197765647071,1.16349378021805,"Non-atrophic gastritis"
2.4181388588944,0.479614913296931,"Non-atrophic gastritis"
2.39918957031174,0.451922600939953,"Non-atrophic gastritis"
-2.80108471248907,1.92110922731153,"Gastric cancer"
-3.88965791583209,1.63386490486624,"Gastric cancer"
-4.30657796236243,1.68633951871918,"Gastric cancer"
-4.28328088757299,0.94455848206668,"Gastric cancer"
-3.90348618390933,0.941697861447073,"Gastric cancer"
-2.94025984583729,1.76239672628956,"Gastric cancer"
-2.11897076240816,1.70681463917415,"Gastric cancer"
-3.21935771936146,0.350774045842094,"Gastric cancer"
1.62940021190921,-0.459358753482637,"Non-atrophic gastritis"
2.48625850712334,0.839860581853776,"Non-atrophic gastritis"
2.60068068553465,-0.0791721471229129,"Non-atrophic gastritis"
1.49437647455333,0.678016993128599,"Non-atrophic gastritis"
3.04932126802978,-0.322466175227039,"Non-atrophic gastritis"
2.42734336260879,1.93267376521081,"Non-atrophic gastritis"
1.96616785276644,2.29684776156961,"Non-atrophic gastritis"
-1.87114269726001,-3.97937526065474,"Intestinal metaplasia"
-2.20611455846407,-2.66107065415339,"Intestinal metaplasia"
-1.09614063655885,-4.05150072760692,"Intestinal metaplasia"
-2.60690428116574,-2.14657967122885,"Intestinal metaplasia"
0.153763298449726,-7.4261139134258,"Intestinal metaplasia"
-3.12309918333145,1.10189346330441,"Intestinal metaplasia"
-0.839616766411047,-1.53522593680245,"Intestinal metaplasia"
-0.904450936685181,-1.90174978389261,"Intestinal metaplasia"
-2.85028586437917,0.246549676660654,"Gastric cancer"
-2.46031085898872,-0.411239244344655,"Gastric cancer"
-3.56023588920043,1.63662460470859,"Gastric cancer"
-2.66365311433244,1.27236736328453,"Gastric cancer"
-4.09427716153118,1.84565306850449,"Gastric cancer"
-3.68279906039921,1.11301146980585,"Gastric cancer"
-3.82284601023456,0.35565677523421,"Gastric cancer"
-3.56287480768838,2.27395661188668,"Gastric cancer"
-3.16686635989424,0.468930949480907,"Gastric cancer"
-4.63410994795563,1.1657464474662,"Gastric cancer"
-3.10397345834842,1.63666335108644,"Gastric cancer"
-3.64425477038227,1.88440406554226,"Gastric cancer"
-2.93530145647428,0.441670439044745,"Gastric cancer"
1.88553496864597,0.547248751172584,"Non-atrophic gastritis"
3.25938722042804,-0.198166903465613,"Non-atrophic gastritis"
2.73966694799363,0.427469503604128,"Non-atrophic gastritis"
2.73966694799363,0.427469503604128,"Non-atrophic gastritis"
2.22829125304946,0.226562592310287,"Non-atrophic gastritis"
2.45890342834383,0.249670305703289,"Non-atrophic gastritis"
2.30480796622447,-1.00097993194554,"Non-atrophic gastritis"
2.90707086163212,0.646150656645516,"Non-atrophic gastritis"
-1.78122474417841,-3.92159187225828,"Intestinal metaplasia"
-1.74685371220961,-1.01868004563145,"Intestinal metaplasia"
-1.10461641223562,-0.852580039424194,"Intestinal metaplasia"
-1.89379708763084,-2.22872914953113,"Intestinal metaplasia"
-1.72055608561787,-3.16707369554269,"Intestinal metaplasia"
-1.94208816978306,-2.73678878608104,"Intestinal metaplasia"
-3.76075555644977,1.79850711872318,"Gastric cancer"
-4.94674812779358,2.46832747337287,"Gastric cancer"
-3.87319910736732,2.33722977928993,"Gastric cancer"
-3.29414996089769,1.39831079792046,"Gastric cancer"
2.90288868061419,0.539255400681871,"Non-atrophic gastritis"
2.76887236012065,-0.0815570684752645,"Non-atrophic gastritis"
3.18819535503874,0.519392846049598,"Non-atrophic gastritis"
2.79489100085144,-0.0585417995954271,"Non-atrophic gastritis"
1.87455745966847,-0.899731224785669,"Non-atrophic gastritis"
1.52540961739419,1.47881143487802,"Non-atrophic gastritis"
2.40219346058678,0.739004871603188,"Non-atrophic gastritis"
-1.63865323704807,-3.92992885560593,"Intestinal metaplasia"
-1.73695720372153,-4.253698668324,"Intestinal metaplasia"
-0.904372058230733,-1.11996423994185,"Intestinal metaplasia"
-2.00082231411531,-4.11988553351843,"Intestinal metaplasia"
-1.71116597954637,-2.8455677670009,"Intestinal metaplasia"
-2.25155874706592,-3.30929520000069,"Intestinal metaplasia"
-2.06237030708192,-2.46237306098487,"Intestinal metaplasia"
-1.57475652285542,-2.44865326952868,"Intestinal metaplasia"
-1.19726829200917,-2.46160710703223,"Intestinal metaplasia"
2.23572277799189,0.674717215774061,"Non-atrophic gastritis"
2.508078381466,0.74777161340844,"Non-atrophic gastritis"
2.88009618142751,-0.245363328230189,"Non-atrophic gastritis"
1.8751458778958,0.437353208524953,"Non-atrophic gastritis"
2.67355239872703,0.476278514627164,"Non-atrophic gastritis"
2.00832656717534,0.240579406012308,"Non-atrophic gastritis"
1.72628014916097,1.11779317437804,"Non-atrophic gastritis"
2.59090604380716,-2.34891975776636,"Non-atrophic gastritis"
-2.78128800798088,1.85491057451133,"Gastric cancer"
-2.71456727130963,2.00838321832384,"Gastric cancer"
-3.90911172016671,1.59078684780236,"Gastric cancer"
-3.399942759388,1.76905195619085,"Gastric cancer"
-3.7542388111114,2.13506477708946,"Gastric cancer"
-3.71794496971885,1.02575919560784,"Gastric cancer"
-3.55773705623343,1.46002977883279,"Gastric cancer"
-4.10032286392653,1.09622036191258,"Gastric cancer"
-3.03739863875894,1.03183393862285,"Gastric cancer"
-4.54474580733904,2.01169197255059,"Gastric cancer"
-3.60044447706886,2.47728590740847,"Gastric cancer"
2.68718751975606,0.471175705731648,"Non-atrophic gastritis"
3.37596559052754,0.752074221126954,"Non-atrophic gastritis"
2.65185804151468,0.633400169391567,"Non-atrophic gastritis"
2.92210949022099,0.46867692009897,"Non-atrophic gastritis"
2.75507128066131,0.676858468016632,"Non-atrophic gastritis"
2.64308608868396,0.709329806308869,"Non-atrophic gastritis"
2.58227097489923,0.322873943542417,"Non-atrophic gastritis"
2.87105928961334,-0.652037597549992,"Non-atrophic gastritis"
2.64208921610738,0.730412471727533,"Non-atrophic gastritis"
2.64208921610738,0.730412471727533,"Non-atrophic gastritis"
2.64510509872794,1.26877803800329,"Non-atrophic gastritis"
-3.59693277420403,2.20683734714444,"Gastric cancer"
-3.89104100069403,1.54092422747114,"Gastric cancer"
-3.89104100069403,1.54092422747114,"Gastric cancer"
2.84908122716846,-0.430116399325893,"Non-atrophic gastritis"
2.17242470810883,0.988476825825614,"Non-atrophic gastritis"
2.9668734944503,-1.03377285109615,"Non-atrophic gastritis"
2.45357363193947,1.19879166832483,"Non-atrophic gastritis"
2.97169071558312,0.43018350108847,"Non-atrophic gastritis"
2.50576952342889,0.779330606663635,"Non-atrophic gastritis"
2.86812361334262,0.547278689611864,"Non-atrophic gastritis"
3.02773676134247,0.493250655248568,"Non-atrophic gastritis"
3.32529827558537,0.270754189162588,"Non-atrophic gastritis"
2.05214182554723,0.00454003892061672,"Non-atrophic gastritis"
3.51949120860254,0.0154257727845431,"Non-atrophic gastritis"
3.51949120860254,0.0154257727845431,"Non-atrophic gastritis"
2.86656290940482,0.579270336436058,"Non-atrophic gastritis"
-3.27297831024436,1.88758440940077,"Gastric cancer"
-3.36115074972237,1.75201830678403,"Gastric cancer"
-3.41108864556555,1.69186567522231,"Gastric cancer"
-3.49606633155753,0.712309945564462,"Gastric cancer"
-3.3069561271921,1.06159099156217,"Gastric cancer"
-3.09482940292793,1.90691291195751,"Gastric cancer"
-4.32607590779884,1.05601574216886,"Gastric cancer"
-3.79296003933084,2.10214845734848,"Gastric cancer"
-3.35119241666635,2.42906576517178,"Gastric cancer"
-3.47180746739716,1.59954795444674,"Gastric cancer"
-4.07320724513664,2.19710242144558,"Gastric cancer"
-3.73026120221001,2.01646465184536,"Gastric cancer"
-2.91110414954383,0.211602033369154,"Gastric cancer"
2.5759928261165,0.0892240502831983,"Non-atrophic gastritis"
2.61602219922776,0.910329140311493,"Non-atrophic gastritis"
2.67755798993127,0.272951459202213,"Non-atrophic gastritis"
0.191065793160869,5.64622910991699,"Non-atrophic gastritis"
5.68555022151005,-4.45755736652309,"Non-atrophic gastritis"
2.25063254760911,0.536411653717853,"Non-atrophic gastritis"
2.54237905355466,0.0249446598618011,"Non-atrophic gastritis"
2.78550654972235,0.619228249164277,"Non-atrophic gastritis"
3.09742461495143,0.773657233313132,"Non-atrophic gastritis"
2.27885405380455,0.614556593556006,"Non-atrophic gastritis"
2.12517099885602,-0.0687190580280119,"Non-atrophic gastritis"
2.8591031580299,1.0144035268006,"Non-atrophic gastritis"
-2.02049152961523,-2.56393886592985,"Intestinal metaplasia"
-1.8655859799484,-3.59787365909333,"Intestinal metaplasia"
-2.11949395748416,-3.68145390625987,"Intestinal metaplasia"
-1.57309724287647,-2.74489492348823,"Intestinal metaplasia"
-0.568519852393046,-4.43145380000774,"Intestinal metaplasia"
-1.66194055822972,-3.96979592364417,"Intestinal metaplasia"
-1.80878823822956,-3.82519413716346,"Intestinal metaplasia"
-1.80878823822956,-3.82519413716346,"Intestinal metaplasia"
-1.87540687932049,-3.13268483471176,"Intestinal metaplasia"
-3.10095201961376,1.04218692031896,"Gastric cancer"
-4.18671078577417,1.78775906088546,"Gastric cancer"
-4.42644310443066,0.542265460017705,"Gastric cancer"
-3.35358867172429,1.35621956250644,"Gastric cancer"
-3.79648488523778,1.48432637310832,"Gastric cancer"
-4.44186747353697,2.74210816863872,"Gastric cancer"
2.54697422469057,0.581523099763206,"Non-atrophic gastritis"
2.67918508512522,0.839707918782438,"Non-atrophic gastritis"
2.91972650313499,0.443007296005753,"Non-atrophic gastritis"
3.45373696155773,-0.0450187620434532,"Non-atrophic gastritis"
1.87050295438978,1.22479887888576,"Non-atrophic gastritis"
2.52870071885958,0.208574432268003,"Non-atrophic gastritis"
2.65006316627873,-0.17096626098066,"Non-atrophic gastritis"
3.38289377097101,0.304477281213188,"Non-atrophic gastritis"
2.23131126541179,0.286113238026707,"Non-atrophic gastritis"
2.68948483668642,0.598863923028322,"Non-atrophic gastritis"
2.76154743803829,0.536358701526099,"Non-atrophic gastritis"
2.61531214881443,-0.299127972723104,"Non-atrophic gastritis"
3.06587592761545,-1.65168183407438,"Non-atrophic gastritis"
2.76088510488998,0.665421786632964,"Non-atrophic gastritis"
-0.0373364639085721,-1.32465115131102,"Gastric cancer"
-6.58224082954381,5.43160916608929,"Gastric cancer"
1.87787579200243,-0.572197953676252,"Non-atrophic gastritis"
-1.84051638622953,-3.2482581642009,"Intestinal metaplasia"
-1.90527606359476,-2.02296349098869,"Intestinal metaplasia"
-1.00730335999901,-2.85260711695019,"Intestinal metaplasia"
-2.46544993367784,-4.98097171591966,"Intestinal metaplasia"
-1.70863003835535,-3.007470421893,"Intestinal metaplasia"
-2.04311930755727,-3.40301085399888,"Intestinal metaplasia"
3.1241198010973,0.373063544070817,"Non-atrophic gastritis"
2.48953963255105,-0.360241792384366,"Non-atrophic gastritis"
-0.0477551288220341,0.644906673566368,"Non-atrophic gastritis"
1.45837184419305,1.65309290341762,"Non-atrophic gastritis"
3.11042524854513,0.430184060801622,"Non-atrophic gastritis"
-3.29940904811502,1.23926079401877,"Gastric cancer"
2.29968395465626,0.410605069374459,"Non-atrophic gastritis"
2.22255843932339,1.37603506250911,"Non-atrophic gastritis"
3.84910376373045,-0.805048506964598,"Non-atrophic gastritis"
2.33836413788707,0.673767505584391,"Non-atrophic gastritis"
2.76599386545281,0.897503467164644,"Non-atrophic gastritis"
2.73393333100495,-0.312195391751434,"Non-atrophic gastritis"
2.54348261520834,0.870388977960909,"Non-atrophic gastritis"
2.70750136233161,0.37995249220727,"Non-atrophic gastritis"
-1.83940942949295,-4.49688600764408,"Intestinal metaplasia"
-1.7151339966657,-4.33122989423457,"Intestinal metaplasia"
-2.33571449020659,-1.36595652695585,"Intestinal metaplasia"
-1.93597069734609,-3.61249007065556,"Intestinal metaplasia"
-1.93597069734609,-3.61249007065556,"Intestinal metaplasia"
-2.19445804688538,-1.8013960038324,"Intestinal metaplasia"
-1.84901397086693,-3.73578410173484,"Intestinal metaplasia"
-2.63115256830317,1.52271077950225,"Gastric cancer"
-3.16992127845469,1.69749266887818,"Gastric cancer"
-3.06159371981422,1.89074101919697,"Gastric cancer"
-3.29947903808574,2.47361248901347,"Gastric cancer"
-4.01601840950053,-0.273024126988049,"Gastric cancer"
1.86951313377021,0.0133894258789807,"Non-atrophic gastritis"
1.9848076146351,1.66435143105466,"Non-atrophic gastritis"
2.98201804863276,0.424318351431326,"Non-atrophic gastritis"
-3.86549319844022,0.882050009727448,"Gastric cancer"
-4.26783400930908,3.22296411175164,"Gastric cancer"
-3.45865288475977,0.37072732537169,"Gastric cancer"
-3.39735502827409,1.45574568036172,"Gastric cancer"
-3.39128843991373,1.99347388735012,"Gastric cancer"
-3.35602431261474,1.69041707057917,"Gastric cancer"
-4.89881039409748,1.14328544022366,"Gastric cancer"
-2.96916007059584,1.47438852828795,"Gastric cancer"
10.1035759916469,5.1916098297927,"Gastric cancer"
-17.6527162715477,-2.02354010188545,"Gastric cancer"
2.44378744467415,-0.00686671034657521,"Non-atrophic gastritis"
2.51007902723679,0.509211470687401,"Non-atrophic gastritis"
3.35038244569334,0.880875739041954,"Non-atrophic gastritis"
-1.57663477525481,-3.95465062869749,"Intestinal metaplasia"
2.5289075451848,0.473259637237307,"Non-atrophic gastritis"
2.65923163685582,0.340747277570248,"Non-atrophic gastritis"
2.12846442608123,0.2619039613784,"Non-atrophic gastritis"
2.93101928051778,0.382920289324787,"Non-atrophic gastritis"
2.93101928051778,0.382920289324787,"Non-atrophic gastritis"
1.3619068144867,2.33015125019917,"Non-atrophic gastritis"
-1.38417886700896,-3.87638473162693,"Intestinal metaplasia"
-1.67202813738928,-3.91081452147323,"Intestinal metaplasia"
-0.589262570572321,-0.673740614007132,"Intestinal metaplasia"
-3.51544713736245,-5.89561507345645,"Intestinal metaplasia"
-1.37899715190742,-1.85065020822709,"Intestinal metaplasia"
-1.4336970833435,-2.94869032345632,"Intestinal metaplasia"
-3.14683326640473,-2.83866319161325,"Intestinal metaplasia"
-3.96494192435498,2.10879152956284,"Gastric cancer"
-2.83088097898493,1.63762111981535,"Gastric cancer"
-3.45139080487374,0.936988552387434,"Gastric cancer"
-4.30689986736542,3.20026132234369,"Gastric cancer"
-3.74937984295768,1.98553542149369,"Gastric cancer"
-3.74937984295768,1.98553542149369,"Gastric cancer"
2.97688205953756,-0.0965073342991802,"Non-atrophic gastritis"
2.25360913858797,-1.66949115051037,"Non-atrophic gastritis"
3.25649023354314,1.68682820259147,"Non-atrophic gastritis"
3.38729217697808,1.25145104016743,"Non-atrophic gastritis"
2.71549243221707,0.353985866353749,"Non-atrophic gastritis"
2.96497242707503,0.524076701283349,"Non-atrophic gastritis"
2.6699761121811,0.521064598555726,"Non-atrophic gastritis"
1.07682530017311,-2.23296898570655,"Non-atrophic gastritis"
5.4121368400952,3.80084155600198,"Non-atrophic gastritis"
2.62955977344145,0.446757554650782,"Non-atrophic gastritis"
2.57128842320301,-0.194204426579166,"Non-atrophic gastritis"
2.29974640887357,0.462705408864218,"Non-atrophic gastritis"
2.92788719911146,0.510440954244116,"Non-atrophic gastritis"
2.99662058941136,0.478503894910778,"Non-atrophic gastritis"
-4.05880601514258,1.63899761099365,"Gastric cancer"
2.47475333198186,0.53181551987711,"Non-atrophic gastritis"
2.02776947709476,1.18510020518848,"Non-atrophic gastritis"
2.91773128605461,-0.264667980770973,"Non-atrophic gastritis"
2.68746461590097,0.614524593890091,"Non-atrophic gastritis"
2.68746461590097,0.614524593890091,"Non-atrophic gastritis"
-1.28565960587276,-1.76929411688693,"Intestinal metaplasia"
2.11871989381918,0.195906224861916,"Non-atrophic gastritis"
2.86508601296006,0.952071522140223,"Non-atrophic gastritis"
1.9171431945554,0.886790754537546,"Non-atrophic gastritis"
3.00887760994269,0.675660534803872,"Non-atrophic gastritis"
-1.46295701307417,-2.31415250150349,"Intestinal metaplasia"
-1.87025117903371,-3.16218560677429,"Intestinal metaplasia"
-1.90838301897733,-3.9615046575344,"Intestinal metaplasia"
-2.09565474493361,-2.404472411455,"Intestinal metaplasia"
-0.631277728128888,-3.54991912800954,"Intestinal metaplasia"
-2.77686201783849,-1.61750624423752,"Intestinal metaplasia"
-1.29809308422895,-6.43819129363321,"Intestinal metaplasia"
-3.36538408947722,1.76095324544353,"Gastric cancer"
-4.02529062851515,1.53300432724945,"Gastric cancer"
-3.06376104429246,1.22708574643871,"Gastric cancer"
-3.80338027958701,0.511749131451193,"Gastric cancer"
-3.9226649335863,1.91197628872918,"Gastric cancer"
-3.68152102193518,2.59723925507661,"Gastric cancer"
-3.97974618434031,2.05728406335097,"Gastric cancer"
-3.97974618434031,2.05728406335097,"Gastric cancer"
-3.84819469908774,2.44866452598935,"Gastric cancer"
2.66653509758291,0.696835664602186,"Non-atrophic gastritis"
2.2171071370341,-0.151688647627135,"Non-atrophic gastritis"
2.57171139834894,-0.1132336076571,"Non-atrophic gastritis"
-1.01764391283876,-2.56263804963188,"Intestinal metaplasia"
2.84131687794179,0.601138445942711,"Non-atrophic gastritis"
2.84489384918058,1.3507465309442,"Non-atrophic gastritis"
2.33144802361161,0.336729073175878,"Non-atrophic gastritis"
2.61510549926392,1.83382215358892,"Non-atrophic gastritis"
-3.5133590460065,2.23283970845849,"Gastric cancer"
-3.63417901893364,0.132234351574126,"Gastric cancer"
-3.96015109308124,1.77590132020348,"Gastric cancer"
-1.68410376434786,-4.137240116092,"Intestinal metaplasia"
-1.5106740833764,-6.31556460834207,"Intestinal metaplasia"
-1.90841984030766,-2.07457036942833,"Intestinal metaplasia"
0.859035650623968,-0.297265096573558,"Non-atrophic gastritis"
2.65806953647993,0.823490029747212,"Non-atrophic gastritis"
2.83996106377531,0.965881024736593,"Non-atrophic gastritis"
3.09077974584341,0.739978646511706,"Non-atrophic gastritis"
2.96682467743796,0.196402037400236,"Non-atrophic gastritis"
2.89562387698096,1.20517672570829,"Non-atrophic gastritis"
2.78081618216157,0.306903390517889,"Non-atrophic gastritis"
2.55927234875803,0.870592873699159,"Non-atrophic gastritis"
2.50467879123803,-0.491764595719099,"Non-atrophic gastritis"
1.34584101440895,-2.72090921831439,"Non-atrophic gastritis"
-2.8555861637017,1.35696501438646,"Gastric cancer"
-3.42283242126463,0.841423094057234,"Gastric cancer"
-3.759409824778,1.1093596329755,"Gastric cancer"
-4.87252856228032,1.8912364352034,"Gastric cancer"
-3.63692518843253,2.28582271950652,"Gastric cancer"
-3.89258457275956,1.61204214839802,"Gastric cancer"
-3.41109787594045,1.31910565511462,"Gastric cancer"
-4.21686173094939,2.76330103186924,"Gastric cancer"
-2.96208750016285,3.24052394440889,"Gastric cancer"
-3.52352526212109,2.49977848681947,"Gastric cancer"
-3.5531284039052,0.742515265962009,"Gastric cancer"
-3.57038820545555,2.4039183243556,"Gastric cancer"
-3.60963988090213,1.58777478535414,"Gastric cancer"
-3.88314112475074,2.17661836309971,"Gastric cancer"
2.64736424610422,1.02017365419682,"Non-atrophic gastritis"
3.15944466577439,0.262355537096647,"Non-atrophic gastritis"
3.06443649828611,0.104520114078195,"Non-atrophic gastritis"
2.94822652050063,0.324189459738069,"Non-atrophic gastritis"
1.87987283132068,-0.0293951149308451,"Non-atrophic gastritis"
5.04997025926291,-1.90805288604417,"Non-atrophic gastritis"
1.51148357415693,2.71540356381446,"Non-atrophic gastritis"
-1.56779050497735,-3.29341990912093,"Intestinal metaplasia"
2.58043621823837,-0.27182525904733,"Non-atrophic gastritis"
-4.00417532722098,1.96329996103686,"Gastric cancer"
1.85716546826863,-0.13819812841991,"Non-atrophic gastritis"
2.39616944593404,-0.46948215004096,"Non-atrophic gastritis"
3.01420943498022,0.433408788270542,"Non-atrophic gastritis"
3.22565892741963,0.22987817583741,"Non-atrophic gastritis"
2.83357717600476,0.063388938635368,"Non-atrophic gastritis"
2.82827936526552,-0.0781721789469231,"Non-atrophic gastritis"
3.13196290376653,-0.924016402583356,"Non-atrophic gastritis"
2.98593250486114,0.442398745392204,"Non-atrophic gastritis"
2.97195044127724,0.471431233998067,"Non-atrophic gastritis"
2.74047310298496,0.190960245474289,"Non-atrophic gastritis"
2.86834825175137,1.31511278873845,"Non-atrophic gastritis"
-2.92891430007009,2.39686740769521,"Gastric cancer"
1.99587607246748,-0.272476114862648,"Non-atrophic gastritis"
3.4789665151597,-0.205727696903441,"Non-atrophic gastritis"
2.24146114681556,1.11994000912984,"Non-atrophic gastritis"
3.49399630111466,0.344699076641616,"Non-atrophic gastritis"
2.74974931896356,0.380830928668985,"Non-atrophic gastritis"
2.43729175216925,0.443504617955149,"Non-atrophic gastritis"
3.12881016906452,0.515416097957336,"Non-atrophic gastritis"
3.40130173881582,0.889923833745998,"Non-atrophic gastritis"
2.04722338899791,0.739485481673114,"Non-atrophic gastritis"
2.51723974730526,0.639975716334395,"Non-atrophic gastritis"
3.53816557326283,0.692807342421683,"Non-atrophic gastritis"
1.15013444000576,1.21905488951849,"Non-atrophic gastritis"
2.30662553572658,1.35231473794553,"Non-atrophic gastritis"
2.59626875472222,-0.317021596541885,"Non-atrophic gastritis"
3.18864198419398,1.61052079462954,"Non-atrophic gastritis"
2.83239749593904,1.81099041369651,"Non-atrophic gastritis"
2.76445952606195,1.03856695082541,"Non-atrophic gastritis"
2.68906163134203,0.191010519255908,"Non-atrophic gastritis"
2.56553319322114,1.08760173332709,"Non-atrophic gastritis"
3.28166767828846,0.412425312848985,"Non-atrophic gastritis"
-4.08632076925036,2.38972891852207,"Gastric cancer"
-2.9905487483076,2.30698212161626,"Gastric cancer"
-3.90511504945406,1.84392793889599,"Gastric cancer"
-3.84927762860582,1.84330599851504,"Gastric cancer"
-3.65183853315716,3.39515627784674,"Gastric cancer"
-4.18483177222629,0.277565485503264,"Gastric cancer"
-3.63540602279952,1.94615427325634,"Gastric cancer"
2.88469340819094,0.337631036722789,"Non-atrophic gastritis"
1.26674771291988,1.19356645705421,"Non-atrophic gastritis"
3.0110692425916,0.73643027538347,"Non-atrophic gastritis"
2.99251295614865,0.336468153704261,"Non-atrophic gastritis"
-3.97366105136477,1.92839176227948,"Gastric cancer"
